2026-01-28 12:18:17 | INFO    | ldc | mouse_worker started
2026-01-28 12:18:17 | INFO    | ldc | http listening on http://0.0.0.0:8888/
2026-01-28 12:18:17 | INFO    | ldc | ws listening on ws://0.0.0.0:8765/
2026-01-28 12:18:20 | INFO    | ldc | ws client connected
2026-01-28 12:18:30 | INFO    | ldc | ws client connected
2026-01-28 12:19:03 | INFO    | ldc | ws client disconnected
2026-01-28 12:20:31 | INFO    | ldc | ws client disconnected
2026-01-28 12:20:32 | INFO    | ldc | mouse_worker started
2026-01-28 12:20:32 | INFO    | ldc | http listening on http://0.0.0.0:8888/
2026-01-28 12:20:32 | INFO    | ldc | ws listening on ws://0.0.0.0:8765/
2026-01-28 12:20:33 | INFO    | ldc | ws client connected
2026-01-28 12:20:42 | INFO    | ldc | ws client connected
2026-01-28 12:20:43 | DEBUG   | ldc | move info: 11.200000000000001 , 0.0
2026-01-28 12:20:43 | DEBUG   | ldc | move_rel clicked
2026-01-28 12:20:43 | DEBUG   | ldc | move info: 0.0 , 0.0
2026-01-28 12:20:43 | DEBUG   | ldc | move_rel clicked
2026-01-28 12:20:43 | DEBUG   | ldc | move info: 13.866666666666607 , 0.0
2026-01-28 12:20:43 | DEBUG   | ldc | move_rel clicked
2026-01-28 12:20:43 | DEBUG   | ldc | move info: 17.6 , 0.0
2026-01-28 12:20:43 | DEBUG   | ldc | move_rel clicked
2026-01-28 12:20:43 | DEBUG   | ldc | move info: 17.6 , 0.0
2026-01-28 12:20:43 | DEBUG   | ldc | move_rel clicked
2026-01-28 12:20:43 | DEBUG   | ldc | move info: 17.0666666666667 , 0.0
2026-01-28 12:20:43 | DEBUG   | ldc | move_rel clicked
2026-01-28 12:20:43 | DEBUG   | ldc | move info: 17.0666666666667 , 0.0
2026-01-28 12:20:43 | DEBUG   | ldc | move_rel clicked
2026-01-28 12:20:43 | DEBUG   | ldc | move info: 16.0 , 0.0
2026-01-28 12:20:43 | DEBUG   | ldc | move_rel clicked
2026-01-28 12:20:43 | DEBUG   | ldc | move info: 13.333333333333304 , 0.0
2026-01-28 12:20:43 | DEBUG   | ldc | move_rel clicked
2026-01-28 12:20:43 | DEBUG   | ldc | move info: 10.666666666666698 , 0.0
2026-01-28 12:20:43 | DEBUG   | ldc | move_rel clicked
2026-01-28 12:20:43 | DEBUG   | ldc | move info: 6.933333333333303 , 6.933333333333394
2026-01-28 12:20:44 | DEBUG   | ldc | move_rel clicked
2026-01-28 12:20:44 | DEBUG   | ldc | move info: 5.333333333333304 , 9.600000000000001
2026-01-28 12:20:44 | DEBUG   | ldc | move_rel clicked
2026-01-28 12:20:44 | DEBUG   | ldc | move info: 2.666666666666697 , 10.666666666666607
2026-01-28 12:20:44 | DEBUG   | ldc | move_rel clicked
2026-01-28 12:20:44 | DEBUG   | ldc | move info: 2.133333333333303 , 11.733333333333395
2026-01-28 12:20:44 | DEBUG   | ldc | move_rel clicked
2026-01-28 12:20:44 | DEBUG   | ldc | move info: 1.6 , 12.266666666666607
2026-01-28 12:20:44 | DEBUG   | ldc | move_rel clicked
2026-01-28 12:20:44 | DEBUG   | ldc | move info: 0.5333333333333939 , 13.866666666666788
2026-01-28 12:20:44 | DEBUG   | ldc | move_rel clicked
2026-01-28 12:20:44 | DEBUG   | ldc | move info: 0.0 , 13.333333333333213
2026-01-28 12:20:44 | DEBUG   | ldc | move_rel clicked
2026-01-28 12:20:44 | DEBUG   | ldc | move info: 0.0 , 11.200000000000001
2026-01-28 12:20:44 | DEBUG   | ldc | move_rel clicked
2026-01-28 12:20:44 | DEBUG   | ldc | move info: 0.0 , 8.533333333333394
2026-01-28 12:20:44 | DEBUG   | ldc | move_rel clicked
2026-01-28 12:20:44 | DEBUG   | ldc | move info: 0.0 , 4.800000000000001
2026-01-28 12:20:44 | DEBUG   | ldc | move_rel clicked
2026-01-28 12:20:44 | DEBUG   | ldc | move info: -2.133333333333394 , 1.6
2026-01-28 12:20:44 | DEBUG   | ldc | move_rel clicked
2026-01-28 12:20:44 | DEBUG   | ldc | move info: -5.333333333333304 , 1.066666666666606
2026-01-28 12:20:44 | DEBUG   | ldc | move_rel clicked
2026-01-28 12:20:44 | DEBUG   | ldc | move info: -8.0 , 0.5333333333333939
2026-01-28 12:20:44 | DEBUG   | ldc | move_rel clicked
2026-01-28 12:20:44 | DEBUG   | ldc | move info: -10.666666666666698 , 1.6
2026-01-28 12:20:44 | DEBUG   | ldc | move_rel clicked
2026-01-28 12:20:44 | DEBUG   | ldc | move info: -13.866666666666607 , 2.666666666666606
2026-01-28 12:20:44 | DEBUG   | ldc | move_rel clicked
2026-01-28 12:20:44 | DEBUG   | ldc | move info: -16.0 , 2.666666666666788
2026-01-28 12:20:44 | DEBUG   | ldc | move_rel clicked
2026-01-28 12:20:44 | DEBUG   | ldc | move info: -14.933333333333394 , 2.133333333333212
2026-01-28 12:20:44 | DEBUG   | ldc | move_rel clicked
2026-01-28 12:20:44 | DEBUG   | ldc | move info: -13.333333333333304 , 0.0
2026-01-28 12:20:44 | DEBUG   | ldc | move_rel clicked
2026-01-28 12:20:44 | DEBUG   | ldc | move info: -10.666666666666698 , 0.0
2026-01-28 12:20:44 | DEBUG   | ldc | move_rel clicked
2026-01-28 12:20:44 | DEBUG   | ldc | move info: -6.933333333333303 , -5.866666666666607
2026-01-28 12:20:44 | DEBUG   | ldc | move_rel clicked
2026-01-28 12:20:44 | DEBUG   | ldc | move info: -2.666666666666697 , -10.666666666666607
2026-01-28 12:20:44 | DEBUG   | ldc | move_rel clicked
2026-01-28 12:20:44 | DEBUG   | ldc | move info: 0.0 , -16.0
2026-01-28 12:20:44 | DEBUG   | ldc | move_rel clicked
2026-01-28 12:20:44 | DEBUG   | ldc | move info: 0.0 , -20.8
2026-01-28 12:20:44 | DEBUG   | ldc | move_rel clicked
2026-01-28 12:20:44 | DEBUG   | ldc | move info: 7.466666666666697 , -20.26666666666679
2026-01-28 12:20:44 | DEBUG   | ldc | move_rel clicked
2026-01-28 12:20:44 | DEBUG   | ldc | move info: 9.600000000000001 , -16.533333333333214
2026-01-28 12:20:44 | DEBUG   | ldc | move_rel clicked
2026-01-28 12:20:44 | DEBUG   | ldc | move info: 8.533333333333303 , -11.200000000000001
2026-01-28 12:20:44 | DEBUG   | ldc | move_rel clicked
2026-01-28 12:20:44 | DEBUG   | ldc | move info: 8.0 , -6.933333333333394
2026-01-28 12:20:44 | DEBUG   | ldc | move_rel clicked
2026-01-28 12:20:44 | DEBUG   | ldc | move info: 10.133333333333395 , -4.266666666666606
2026-01-28 12:20:44 | DEBUG   | ldc | move_rel clicked
2026-01-28 12:20:44 | DEBUG   | ldc | move info: 13.333333333333304 , -1.6
2026-01-28 12:20:44 | DEBUG   | ldc | move_rel clicked
2026-01-28 12:20:44 | DEBUG   | ldc | move info: 17.0666666666667 , 0.0
2026-01-28 12:20:44 | DEBUG   | ldc | move_rel clicked
2026-01-28 12:20:44 | DEBUG   | ldc | move info: 18.133333333333304 , 0.0
2026-01-28 12:20:44 | DEBUG   | ldc | move_rel clicked
2026-01-28 12:20:44 | DEBUG   | ldc | move info: 12.8 , 2.133333333333212
2026-01-28 12:20:44 | DEBUG   | ldc | move_rel clicked
2026-01-28 12:20:44 | DEBUG   | ldc | move info: 6.4 , 8.0
2026-01-28 12:20:44 | DEBUG   | ldc | move_rel clicked
2026-01-28 12:20:44 | DEBUG   | ldc | move info: 3.733333333333303 , 9.600000000000001
2026-01-28 12:20:44 | DEBUG   | ldc | move_rel clicked
2026-01-28 12:20:44 | DEBUG   | ldc | move info: 2.133333333333394 , 9.600000000000001
2026-01-28 12:20:44 | DEBUG   | ldc | move_rel clicked
2026-01-28 12:20:44 | DEBUG   | ldc | move info: 1.066666666666606 , 8.0
2026-01-28 12:20:44 | DEBUG   | ldc | move_rel clicked
2026-01-28 12:20:44 | DEBUG   | ldc | move info: 1.066666666666697 , 7.4666666666667885
2026-01-28 12:20:44 | DEBUG   | ldc | move_rel clicked
2026-01-28 12:20:44 | DEBUG   | ldc | move info: 0.533333333333303 , 6.4
2026-01-28 12:20:44 | DEBUG   | ldc | move_rel clicked
2026-01-28 12:20:44 | DEBUG   | ldc | move info: 0.0 , 6.4
2026-01-28 12:20:44 | DEBUG   | ldc | move_rel clicked
2026-01-28 12:20:44 | DEBUG   | ldc | move info: 0.0 , 6.933333333333213
2026-01-28 12:20:44 | DEBUG   | ldc | move_rel clicked
2026-01-28 12:20:44 | DEBUG   | ldc | move info: 0.0 , 7.4666666666667885
2026-01-28 12:20:44 | DEBUG   | ldc | move_rel clicked
2026-01-28 12:20:44 | DEBUG   | ldc | move info: 0.0 , 6.4
2026-01-28 12:20:44 | DEBUG   | ldc | move_rel clicked
2026-01-28 12:20:44 | DEBUG   | ldc | move info: 0.0 , 6.933333333333213
2026-01-28 12:20:44 | DEBUG   | ldc | move_rel clicked
2026-01-28 12:20:44 | DEBUG   | ldc | move info: 1.066666666666697 , 5.333333333333394
2026-01-28 12:20:44 | DEBUG   | ldc | move_rel clicked
2026-01-28 12:20:44 | DEBUG   | ldc | move info: 1.6 , 4.800000000000001
2026-01-28 12:20:44 | DEBUG   | ldc | move_rel clicked
2026-01-28 12:20:44 | DEBUG   | ldc | move info: 1.6 , 3.2
2026-01-28 12:20:44 | DEBUG   | ldc | move_rel clicked
2026-01-28 12:20:44 | DEBUG   | ldc | move info: 2.133333333333303 , 2.666666666666606
2026-01-28 12:20:44 | DEBUG   | ldc | move_rel clicked
2026-01-28 12:20:44 | DEBUG   | ldc | move info: 2.133333333333394 , 1.0666666666667879
2026-01-28 12:20:44 | DEBUG   | ldc | move_rel clicked
2026-01-28 12:20:44 | DEBUG   | ldc | move info: 2.133333333333303 , 0.0
2026-01-28 12:20:44 | DEBUG   | ldc | move_rel clicked
2026-01-28 12:20:44 | DEBUG   | ldc | move info: 1.6 , 0.0
2026-01-28 12:20:44 | DEBUG   | ldc | move_rel clicked
2026-01-28 12:20:44 | DEBUG   | ldc | move info: 2.133333333333303 , 0.0
2026-01-28 12:20:44 | DEBUG   | ldc | move_rel clicked
2026-01-28 12:20:44 | DEBUG   | ldc | move info: 1.6 , 0.0
2026-01-28 12:20:44 | DEBUG   | ldc | move_rel clicked
2026-01-28 12:20:44 | DEBUG   | ldc | move info: 0.5333333333333939 , 0.0
2026-01-28 12:20:44 | DEBUG   | ldc | move_rel clicked
2026-01-28 12:20:45 | DEBUG   | ldc | move info: 4.266666666666606 , 17.6
2026-01-28 12:20:45 | DEBUG   | ldc | move_rel clicked
2026-01-28 12:20:45 | DEBUG   | ldc | move info: 0.0 , 0.0
2026-01-28 12:20:45 | DEBUG   | ldc | move_rel clicked
2026-01-28 12:20:45 | DEBUG   | ldc | move info: 4.800000000000001 , 12.266666666666607
2026-01-28 12:20:45 | DEBUG   | ldc | move_rel clicked
2026-01-28 12:20:45 | DEBUG   | ldc | move info: 9.600000000000001 , 10.666666666666789
2026-01-28 12:20:45 | DEBUG   | ldc | move_rel clicked
2026-01-28 12:20:45 | DEBUG   | ldc | move info: 10.666666666666698 , 11.733333333333213
2026-01-28 12:20:45 | DEBUG   | ldc | move_rel clicked
2026-01-28 12:20:45 | DEBUG   | ldc | move info: 11.733333333333304 , 12.8
2026-01-28 12:20:45 | DEBUG   | ldc | move_rel clicked
2026-01-28 12:20:45 | DEBUG   | ldc | move info: 12.8 , 12.266666666666788
2026-01-28 12:20:45 | DEBUG   | ldc | move_rel clicked
2026-01-28 12:20:45 | DEBUG   | ldc | move info: 13.333333333333394 , 10.666666666666607
2026-01-28 12:20:45 | DEBUG   | ldc | move_rel clicked
2026-01-28 12:20:45 | DEBUG   | ldc | move info: 12.8 , 9.600000000000001
2026-01-28 12:20:45 | DEBUG   | ldc | move_rel clicked
2026-01-28 12:20:45 | DEBUG   | ldc | move info: 11.733333333333304 , 9.600000000000001
2026-01-28 12:20:45 | DEBUG   | ldc | move_rel clicked
2026-01-28 12:20:45 | DEBUG   | ldc | move info: 10.133333333333304 , 9.066666666666606
2026-01-28 12:20:45 | DEBUG   | ldc | move_rel clicked
2026-01-28 12:20:45 | DEBUG   | ldc | move info: 7.466666666666697 , 10.133333333333395
2026-01-28 12:20:45 | DEBUG   | ldc | move_rel clicked
2026-01-28 12:20:45 | DEBUG   | ldc | move info: 6.933333333333303 , 9.066666666666606
2026-01-28 12:20:45 | DEBUG   | ldc | move_rel clicked
2026-01-28 12:20:45 | DEBUG   | ldc | move info: 4.800000000000001 , 8.533333333333394
2026-01-28 12:20:45 | DEBUG   | ldc | move_rel clicked
2026-01-28 12:20:45 | DEBUG   | ldc | move info: 3.2 , 7.466666666666606
2026-01-28 12:20:45 | DEBUG   | ldc | move_rel clicked
2026-01-28 12:20:45 | DEBUG   | ldc | move info: 2.666666666666697 , 4.800000000000001
2026-01-28 12:20:45 | DEBUG   | ldc | move_rel clicked
2026-01-28 12:20:45 | DEBUG   | ldc | move info: 1.6 , 3.7333333333333942
2026-01-28 12:20:45 | DEBUG   | ldc | move_rel clicked
2026-01-28 12:20:45 | DEBUG   | ldc | move info: 1.6 , 2.133333333333394
2026-01-28 12:20:45 | DEBUG   | ldc | move_rel clicked
2026-01-28 12:20:45 | DEBUG   | ldc | move info: 1.6 , 1.6
2026-01-28 12:20:45 | DEBUG   | ldc | move_rel clicked
2026-01-28 12:20:45 | DEBUG   | ldc | move info: 1.066666666666697 , 2.133333333333212
2026-01-28 12:20:45 | DEBUG   | ldc | move_rel clicked
2026-01-28 12:20:45 | DEBUG   | ldc | move info: 0.533333333333303 , 1.0666666666667879
2026-01-28 12:20:45 | DEBUG   | ldc | move_rel clicked
2026-01-28 12:20:45 | DEBUG   | ldc | move info: 0.0 , 1.6
2026-01-28 12:20:45 | DEBUG   | ldc | move_rel clicked
2026-01-28 12:20:45 | DEBUG   | ldc | move info: 0.0 , 0.5333333333332121
2026-01-28 12:20:45 | DEBUG   | ldc | move_rel clicked
2026-01-28 12:21:15 | INFO    | ldc | ws client disconnected
2026-01-28 12:21:37 | INFO    | ldc | ws client disconnected
2026-01-28 12:21:37 | INFO    | ldc | ws client connected
2026-01-28 12:22:29 | INFO    | ldc | ws client disconnected
2026-01-28 12:22:29 | INFO    | ldc | ws client connected
2026-01-28 12:22:32 | INFO    | ldc | ws client disconnected
2026-01-28 12:23:29 | INFO    | ldc | ws client connected
2026-01-28 12:23:30 | DEBUG   | ldc | move info: -6.933333333333394 , 6.4
2026-01-28 12:23:30 | DEBUG   | ldc | move_rel clicked
2026-01-28 12:23:30 | DEBUG   | ldc | move info: 0.0 , 0.0
2026-01-28 12:23:30 | DEBUG   | ldc | move_rel clicked
2026-01-28 12:23:30 | DEBUG   | ldc | move info: -17.6 , 14.933333333333213
2026-01-28 12:23:30 | DEBUG   | ldc | move_rel clicked
2026-01-28 12:23:30 | DEBUG   | ldc | move info: -2.133333333333303 , 1.6
2026-01-28 12:23:30 | DEBUG   | ldc | move_rel clicked
2026-01-28 12:23:30 | DEBUG   | ldc | move info: -5.866666666666697 , 6.4
2026-01-28 12:23:30 | DEBUG   | ldc | move_rel clicked
2026-01-28 12:23:30 | DEBUG   | ldc | move info: -8.0 , 8.533333333333394
2026-01-28 12:23:30 | DEBUG   | ldc | move_rel clicked
2026-01-28 12:23:30 | DEBUG   | ldc | move info: -6.933333333333303 , 9.066666666666606
2026-01-28 12:23:30 | DEBUG   | ldc | move_rel clicked
2026-01-28 12:23:30 | DEBUG   | ldc | move info: -5.866666666666697 , 7.4666666666667885
2026-01-28 12:23:30 | DEBUG   | ldc | move_rel clicked
2026-01-28 12:23:30 | DEBUG   | ldc | move info: -4.800000000000001 , 7.466666666666606
2026-01-28 12:23:30 | DEBUG   | ldc | move_rel clicked
2026-01-28 12:23:30 | DEBUG   | ldc | move info: -4.266666666666606 , 6.933333333333394
2026-01-28 12:23:30 | DEBUG   | ldc | move_rel clicked
2026-01-28 12:23:30 | DEBUG   | ldc | move info: -3.2 , 6.4
2026-01-28 12:23:30 | DEBUG   | ldc | move_rel clicked
2026-01-28 12:23:30 | DEBUG   | ldc | move info: -2.666666666666697 , 6.4
2026-01-28 12:23:30 | DEBUG   | ldc | move_rel clicked
2026-01-28 12:23:30 | DEBUG   | ldc | move info: -3.2 , 5.866666666666607
2026-01-28 12:23:30 | DEBUG   | ldc | move_rel clicked
2026-01-28 12:23:30 | DEBUG   | ldc | move info: -2.666666666666697 , 5.333333333333394
2026-01-28 12:23:30 | DEBUG   | ldc | move_rel clicked
2026-01-28 12:23:30 | DEBUG   | ldc | move info: -2.133333333333303 , 4.266666666666606
2026-01-28 12:23:30 | DEBUG   | ldc | move_rel clicked
2026-01-28 12:23:30 | DEBUG   | ldc | move info: -1.6 , 2.666666666666606
2026-01-28 12:23:30 | DEBUG   | ldc | move_rel clicked
2026-01-28 12:23:30 | DEBUG   | ldc | move info: -1.6 , 2.666666666666788
2026-01-28 12:23:30 | DEBUG   | ldc | move_rel clicked
2026-01-28 12:23:30 | DEBUG   | ldc | move info: -1.6 , 3.2
2026-01-28 12:23:30 | DEBUG   | ldc | move_rel clicked
2026-01-28 12:23:30 | DEBUG   | ldc | move info: -1.6 , 3.2
2026-01-28 12:23:30 | DEBUG   | ldc | move_rel clicked
2026-01-28 12:23:30 | DEBUG   | ldc | move info: -1.6 , 4.266666666666606
2026-01-28 12:23:30 | DEBUG   | ldc | move_rel clicked
2026-01-28 12:23:30 | DEBUG   | ldc | move info: -1.6 , 5.866666666666607
2026-01-28 12:23:30 | DEBUG   | ldc | move_rel clicked
2026-01-28 12:23:30 | DEBUG   | ldc | move info: -1.066666666666697 , 5.866666666666788
2026-01-28 12:23:30 | DEBUG   | ldc | move_rel clicked
2026-01-28 12:23:30 | DEBUG   | ldc | move info: -1.066666666666606 , 6.933333333333213
2026-01-28 12:23:30 | DEBUG   | ldc | move_rel clicked
2026-01-28 12:23:30 | DEBUG   | ldc | move info: -0.5333333333333939 , 5.866666666666788
2026-01-28 12:23:30 | DEBUG   | ldc | move_rel clicked
2026-01-28 12:23:30 | DEBUG   | ldc | move info: -0.533333333333303 , 5.866666666666607
2026-01-28 12:23:30 | DEBUG   | ldc | move_rel clicked
2026-01-28 12:23:30 | DEBUG   | ldc | move info: -1.066666666666697 , 4.800000000000001
2026-01-28 12:23:30 | DEBUG   | ldc | move_rel clicked
2026-01-28 12:23:30 | DEBUG   | ldc | move info: -0.533333333333303 , 5.333333333333394
2026-01-28 12:23:30 | DEBUG   | ldc | move_rel clicked
2026-01-28 12:23:30 | DEBUG   | ldc | move info: -1.066666666666697 , 6.4
2026-01-28 12:23:30 | DEBUG   | ldc | move_rel clicked
2026-01-28 12:23:30 | DEBUG   | ldc | move info: -1.6 , 9.066666666666606
2026-01-28 12:23:30 | DEBUG   | ldc | move_rel clicked
2026-01-28 12:23:30 | DEBUG   | ldc | move info: -2.666666666666606 , 10.133333333333395
2026-01-28 12:23:30 | DEBUG   | ldc | move_rel clicked
2026-01-28 12:23:30 | DEBUG   | ldc | move info: -2.133333333333394 , 10.666666666666607
2026-01-28 12:23:30 | DEBUG   | ldc | move_rel clicked
2026-01-28 12:23:30 | DEBUG   | ldc | move info: -2.133333333333303 , 10.133333333333395
2026-01-28 12:23:30 | DEBUG   | ldc | move_rel clicked
2026-01-28 12:23:30 | DEBUG   | ldc | move info: -1.6 , 10.133333333333212
2026-01-28 12:23:30 | DEBUG   | ldc | move_rel clicked
2026-01-28 12:23:30 | DEBUG   | ldc | move info: -1.066666666666697 , 10.133333333333395
2026-01-28 12:23:30 | DEBUG   | ldc | move_rel clicked
2026-01-28 12:23:30 | DEBUG   | ldc | move info: -1.066666666666606 , 9.066666666666606
2026-01-28 12:23:30 | DEBUG   | ldc | move_rel clicked
2026-01-28 12:23:30 | DEBUG   | ldc | move info: -1.6 , 7.4666666666667885
2026-01-28 12:23:30 | DEBUG   | ldc | move_rel clicked
2026-01-28 12:23:30 | DEBUG   | ldc | move info: -1.066666666666697 , 5.866666666666607
2026-01-28 12:23:30 | DEBUG   | ldc | move_rel clicked
2026-01-28 12:23:30 | DEBUG   | ldc | move info: 0.0 , 2.666666666666606
2026-01-28 12:23:30 | DEBUG   | ldc | move_rel clicked
2026-01-28 12:23:30 | DEBUG   | ldc | move info: 0.0 , -2.133333333333212
2026-01-28 12:23:30 | DEBUG   | ldc | move_rel clicked
2026-01-28 12:23:30 | DEBUG   | ldc | move info: 0.0 , -1.6
2026-01-28 12:23:30 | DEBUG   | ldc | move_rel clicked
2026-01-28 12:23:30 | DEBUG   | ldc | move info: 0.0 , -1.0666666666667879
2026-01-28 12:23:30 | DEBUG   | ldc | move_rel clicked
2026-01-28 12:23:30 | DEBUG   | ldc | move info: 0.0 , -1.6
2026-01-28 12:23:30 | DEBUG   | ldc | move_rel clicked
2026-01-28 12:23:30 | DEBUG   | ldc | move info: 0.0 , -2.666666666666606
2026-01-28 12:23:30 | DEBUG   | ldc | move_rel clicked
2026-01-28 12:23:30 | DEBUG   | ldc | move info: 2.666666666666697 , -3.7333333333333942
2026-01-28 12:23:30 | DEBUG   | ldc | move_rel clicked
2026-01-28 12:23:30 | DEBUG   | ldc | move info: 6.933333333333303 , -8.533333333333212
2026-01-28 12:23:30 | DEBUG   | ldc | move_rel clicked
2026-01-28 12:23:30 | DEBUG   | ldc | move info: 11.200000000000001 , -10.666666666666789
2026-01-28 12:23:30 | DEBUG   | ldc | move_rel clicked
2026-01-28 12:23:30 | DEBUG   | ldc | move info: 11.733333333333304 , -9.066666666666606
2026-01-28 12:23:30 | DEBUG   | ldc | move_rel clicked
2026-01-28 12:23:30 | DEBUG   | ldc | move info: 13.333333333333394 , -7.466666666666606
2026-01-28 12:23:30 | DEBUG   | ldc | move_rel clicked
2026-01-28 12:23:30 | DEBUG   | ldc | move info: 16.533333333333303 , -5.333333333333394
2026-01-28 12:23:30 | DEBUG   | ldc | move_rel clicked
2026-01-28 12:23:30 | DEBUG   | ldc | move info: 20.266666666666698 , -6.4
2026-01-28 12:23:30 | DEBUG   | ldc | move_rel clicked
2026-01-28 12:23:30 | DEBUG   | ldc | move info: 25.066666666666606 , -4.800000000000001
2026-01-28 12:23:30 | DEBUG   | ldc | move_rel clicked
2026-01-28 12:23:30 | DEBUG   | ldc | move info: 25.0666666666667 , -2.133333333333394
2026-01-28 12:23:30 | DEBUG   | ldc | move_rel clicked
2026-01-28 12:23:30 | DEBUG   | ldc | move info: 20.266666666666698 , 0.0
2026-01-28 12:23:31 | DEBUG   | ldc | move_rel clicked
2026-01-28 12:23:31 | DEBUG   | ldc | move info: 12.266666666666607 , 1.0666666666667879
2026-01-28 12:23:31 | DEBUG   | ldc | move_rel clicked
2026-01-28 12:23:31 | DEBUG   | ldc | move info: 6.933333333333394 , 5.333333333333212
2026-01-28 12:23:31 | DEBUG   | ldc | move_rel clicked
2026-01-28 12:23:31 | DEBUG   | ldc | move info: 4.800000000000001 , 3.2
2026-01-28 12:23:31 | DEBUG   | ldc | move_rel clicked
2026-01-28 12:23:31 | DEBUG   | ldc | move info: 5.866666666666607 , 1.0666666666667879
2026-01-28 12:23:31 | DEBUG   | ldc | move_rel clicked
2026-01-28 12:23:31 | DEBUG   | ldc | move info: 6.4 , 0.0
2026-01-28 12:23:31 | DEBUG   | ldc | move_rel clicked
2026-01-28 12:23:31 | DEBUG   | ldc | move info: 5.333333333333394 , 0.0
2026-01-28 12:23:31 | DEBUG   | ldc | move_rel clicked
2026-01-28 12:23:31 | DEBUG   | ldc | move info: 4.266666666666606 , 0.0
2026-01-28 12:23:31 | DEBUG   | ldc | move_rel clicked
2026-01-28 12:23:31 | DEBUG   | ldc | move info: 1.6 , 0.0
2026-01-28 12:23:31 | DEBUG   | ldc | move_rel clicked
2026-01-28 12:23:31 | DEBUG   | ldc | move info: 1.066666666666697 , 0.0
2026-01-28 12:23:31 | DEBUG   | ldc | move_rel clicked
2026-01-28 12:23:31 | DEBUG   | ldc | move info: -2.133333333333303 , 0.0
2026-01-28 12:23:31 | DEBUG   | ldc | move_rel clicked
2026-01-28 12:23:31 | DEBUG   | ldc | move info: -5.333333333333394 , 0.0
2026-01-28 12:23:31 | DEBUG   | ldc | move_rel clicked
2026-01-28 12:23:31 | DEBUG   | ldc | move info: -6.4 , 0.5333333333332121
2026-01-28 12:23:31 | DEBUG   | ldc | move_rel clicked
2026-01-28 12:23:31 | DEBUG   | ldc | move info: -7.466666666666606 , 3.2
2026-01-28 12:23:31 | DEBUG   | ldc | move_rel clicked
2026-01-28 12:23:31 | DEBUG   | ldc | move info: -5.866666666666697 , 3.2
2026-01-28 12:23:31 | DEBUG   | ldc | move_rel clicked
2026-01-28 12:23:31 | DEBUG   | ldc | move info: -5.866666666666697 , 1.6
2026-01-28 12:23:31 | DEBUG   | ldc | move_rel clicked
2026-01-28 12:23:31 | DEBUG   | ldc | move info: -5.333333333333304 , 1.0666666666667879
2026-01-28 12:23:31 | DEBUG   | ldc | move_rel clicked
2026-01-28 12:23:31 | DEBUG   | ldc | move info: -5.866666666666697 , 0.0
2026-01-28 12:23:31 | DEBUG   | ldc | move_rel clicked
2026-01-28 12:23:31 | DEBUG   | ldc | move info: -4.800000000000001 , 0.0
2026-01-28 12:23:31 | DEBUG   | ldc | move_rel clicked
2026-01-28 12:23:31 | DEBUG   | ldc | move info: -2.133333333333303 , 0.0
2026-01-28 12:23:31 | DEBUG   | ldc | move_rel clicked
2026-01-28 12:23:31 | DEBUG   | ldc | move info: -1.066666666666697 , -3.2
2026-01-28 12:23:31 | DEBUG   | ldc | move_rel clicked
2026-01-28 12:23:31 | DEBUG   | ldc | move info: 2.133333333333394 , -14.4
2026-01-28 12:23:31 | DEBUG   | ldc | move_rel clicked
2026-01-28 12:23:31 | DEBUG   | ldc | move info: 19.200000000000003 , -22.400000000000002
2026-01-28 12:23:31 | DEBUG   | ldc | move_rel clicked
2026-01-28 12:23:31 | DEBUG   | ldc | move info: 35.733333333333306 , -22.933333333333394
2026-01-28 12:23:31 | DEBUG   | ldc | move_rel clicked
2026-01-28 12:23:31 | DEBUG   | ldc | move info: 38.400000000000006 , -13.866666666666607
2026-01-28 12:23:31 | DEBUG   | ldc | move_rel clicked
2026-01-28 12:23:31 | DEBUG   | ldc | move info: 21.333333333333304 , -6.4
2026-01-28 12:23:31 | DEBUG   | ldc | move_rel clicked
2026-01-28 12:23:31 | DEBUG   | ldc | move info: 7.466666666666652 , -0.5333333333333939
2026-01-28 12:23:31 | DEBUG   | ldc | move_rel clicked
2026-01-28 12:23:31 | DEBUG   | ldc | move info: 0.0 , 0.0
2026-01-28 12:23:31 | DEBUG   | ldc | move_rel clicked
2026-01-28 12:23:31 | DEBUG   | ldc | move info: 34.66666666666665 , -2.666666666666606
2026-01-28 12:23:31 | DEBUG   | ldc | move_rel clicked
2026-01-28 12:23:31 | DEBUG   | ldc | move info: 7.466666666666697 , -3.2
2026-01-28 12:23:31 | DEBUG   | ldc | move_rel clicked
2026-01-28 12:23:31 | DEBUG   | ldc | move info: 24.0 , -12.8
2026-01-28 12:23:31 | DEBUG   | ldc | move_rel clicked
2026-01-28 12:23:31 | DEBUG   | ldc | move info: 29.866666666666607 , -21.333333333333396
2026-01-28 12:23:31 | DEBUG   | ldc | move_rel clicked
2026-01-28 12:23:31 | DEBUG   | ldc | move info: 29.333333333333396 , -22.933333333333213
2026-01-28 12:23:31 | DEBUG   | ldc | move_rel clicked
2026-01-28 12:23:31 | DEBUG   | ldc | move info: 30.933333333333305 , -25.06666666666679
2026-01-28 12:23:31 | DEBUG   | ldc | move_rel clicked
2026-01-28 12:23:31 | DEBUG   | ldc | move info: 32.5333333333333 , -25.6
2026-01-28 12:23:31 | DEBUG   | ldc | move_rel clicked
2026-01-28 12:23:31 | DEBUG   | ldc | move info: 29.333333333333396 , -21.333333333333215
2026-01-28 12:23:31 | DEBUG   | ldc | move_rel clicked
2026-01-28 12:23:31 | DEBUG   | ldc | move info: 14.4 , -9.600000000000001
2026-01-28 12:23:31 | DEBUG   | ldc | move_rel clicked
2026-01-28 12:23:32 | DEBUG   | ldc | move info: -1.6 , -26.133333333333397
2026-01-28 12:23:32 | DEBUG   | ldc | move_rel clicked
2026-01-28 12:23:32 | DEBUG   | ldc | move info: 0.0 , 0.0
2026-01-28 12:23:32 | DEBUG   | ldc | move_rel clicked
2026-01-28 12:23:32 | DEBUG   | ldc | move info: 0.533333333333303 , -4.800000000000001
2026-01-28 12:23:32 | DEBUG   | ldc | move_rel clicked
2026-01-28 12:23:32 | DEBUG   | ldc | move info: 0.0 , -24.533333333333395
2026-01-28 12:23:32 | DEBUG   | ldc | move_rel clicked
2026-01-28 12:23:32 | DEBUG   | ldc | move info: -0.533333333333303 , -51.73333333333321
2026-01-28 12:23:32 | DEBUG   | ldc | move_rel clicked
2026-01-28 12:23:32 | DEBUG   | ldc | move info: -3.2 , -74.1333333333334
2026-01-28 12:23:32 | DEBUG   | ldc | move_rel clicked
2026-01-28 12:23:32 | DEBUG   | ldc | move info: -0.533333333333303 , -76.26666666666661
2026-01-28 12:23:32 | DEBUG   | ldc | move_rel clicked
2026-01-28 12:23:32 | DEBUG   | ldc | move info: 11.733333333333304 , -62.933333333333394
2026-01-28 12:23:32 | DEBUG   | ldc | move_rel clicked
2026-01-28 12:23:32 | DEBUG   | ldc | move info: 5.333333333333304 , -13.333333333333394
2026-01-28 12:23:32 | DEBUG   | ldc | move_rel clicked
2026-01-28 12:23:32 | DEBUG   | ldc | move info: -4.800000000000001 , -1.6
2026-01-28 12:23:32 | DEBUG   | ldc | move_rel clicked
2026-01-28 12:23:32 | DEBUG   | ldc | move info: 0.0 , 0.0
2026-01-28 12:23:32 | DEBUG   | ldc | move_rel clicked
2026-01-28 12:23:32 | DEBUG   | ldc | move info: -22.400000000000002 , -3.7333333333333942
2026-01-28 12:23:32 | DEBUG   | ldc | move_rel clicked
2026-01-28 12:23:32 | DEBUG   | ldc | move info: -5.866666666666697 , -1.6
2026-01-28 12:23:32 | DEBUG   | ldc | move_rel clicked
2026-01-28 12:23:32 | DEBUG   | ldc | move info: -20.8 , -5.333333333333394
2026-01-28 12:23:32 | DEBUG   | ldc | move_rel clicked
2026-01-28 12:23:32 | DEBUG   | ldc | move info: -29.333333333333304 , -6.933333333333213
2026-01-28 12:23:32 | DEBUG   | ldc | move_rel clicked
2026-01-28 12:23:32 | DEBUG   | ldc | move info: -26.6666666666667 , -1.6
2026-01-28 12:23:32 | DEBUG   | ldc | move_rel clicked
2026-01-28 12:23:32 | DEBUG   | ldc | move info: -22.933333333333305 , 0.0
2026-01-28 12:23:32 | DEBUG   | ldc | move_rel clicked
2026-01-28 12:23:32 | DEBUG   | ldc | move info: -18.666666666666696 , 1.066666666666606
2026-01-28 12:23:32 | DEBUG   | ldc | move_rel clicked
2026-01-28 12:23:32 | DEBUG   | ldc | move info: -15.466666666666653 , 1.6
2026-01-28 12:23:32 | DEBUG   | ldc | move_rel clicked
2026-01-28 12:23:32 | DEBUG   | ldc | move info: -11.733333333333348 , 0.5333333333333939
2026-01-28 12:23:32 | DEBUG   | ldc | move_rel clicked
2026-01-28 12:23:32 | DEBUG   | ldc | move info: -8.533333333333303 , 0.0
2026-01-28 12:23:32 | DEBUG   | ldc | move_rel clicked
2026-01-28 12:23:32 | DEBUG   | ldc | move info: -6.4 , 0.0
2026-01-28 12:23:32 | DEBUG   | ldc | move_rel clicked
2026-01-28 12:23:32 | DEBUG   | ldc | move info: -4.266666666666697 , 0.0
2026-01-28 12:23:32 | DEBUG   | ldc | move_rel clicked
2026-01-28 12:23:32 | DEBUG   | ldc | move info: -3.733333333333303 , 0.0
2026-01-28 12:23:32 | DEBUG   | ldc | move_rel clicked
2026-01-28 12:23:32 | DEBUG   | ldc | move info: -2.666666666666697 , 0.0
2026-01-28 12:23:32 | DEBUG   | ldc | move_rel clicked
2026-01-28 12:23:32 | DEBUG   | ldc | move info: -1.6 , -1.0666666666667879
2026-01-28 12:23:32 | DEBUG   | ldc | move_rel clicked
2026-01-28 12:23:32 | DEBUG   | ldc | move info: -1.6 , -1.066666666666606
2026-01-28 12:23:32 | DEBUG   | ldc | move_rel clicked
2026-01-28 12:23:32 | DEBUG   | ldc | move info: -1.0666666666666516 , -1.066666666666606
2026-01-28 12:23:32 | DEBUG   | ldc | move_rel clicked
2026-01-28 12:23:32 | DEBUG   | ldc | move info: -0.5333333333333485 , -1.6
2026-01-28 12:23:32 | DEBUG   | ldc | move_rel clicked
2026-01-28 12:23:32 | DEBUG   | ldc | move info: -0.533333333333303 , -1.0666666666667879
2026-01-28 12:23:32 | DEBUG   | ldc | move_rel clicked
2026-01-28 12:23:32 | DEBUG   | ldc | move info: 0.0 , -1.066666666666606
2026-01-28 12:23:32 | DEBUG   | ldc | move_rel clicked
2026-01-28 12:23:32 | DEBUG   | ldc | move info: 0.0 , -1.066666666666606
2026-01-28 12:23:32 | DEBUG   | ldc | move_rel clicked
2026-01-28 12:23:32 | DEBUG   | ldc | move info: 0.0 , -0.5333333333333939
2026-01-28 12:23:32 | DEBUG   | ldc | move_rel clicked
2026-01-28 12:23:32 | DEBUG   | ldc | move info: 0.0 , -0.5333333333333939
2026-01-28 12:23:32 | DEBUG   | ldc | move_rel clicked
2026-01-28 12:23:32 | DEBUG   | ldc | move info: 0.0 , -0.5333333333332121
2026-01-28 12:23:32 | DEBUG   | ldc | move_rel clicked
2026-01-28 12:23:32 | DEBUG   | ldc | move info: 0.0 , -0.5333333333333939
2026-01-28 12:23:32 | DEBUG   | ldc | move_rel clicked
2026-01-28 12:23:32 | DEBUG   | ldc | move info: 0.0 , -1.6
2026-01-28 12:23:32 | DEBUG   | ldc | move_rel clicked
2026-01-28 12:23:32 | DEBUG   | ldc | move info: 0.533333333333303 , -2.666666666666606
2026-01-28 12:23:32 | DEBUG   | ldc | move_rel clicked
2026-01-28 12:23:32 | DEBUG   | ldc | move info: 3.7333333333333485 , -3.2
2026-01-28 12:23:32 | DEBUG   | ldc | move_rel clicked
2026-01-28 12:23:32 | DEBUG   | ldc | move info: 8.0 , -3.2
2026-01-28 12:23:32 | DEBUG   | ldc | move_rel clicked
2026-01-28 12:23:32 | DEBUG   | ldc | move info: 8.0 , -2.666666666666788
2026-01-28 12:23:32 | DEBUG   | ldc | move_rel clicked
2026-01-28 12:23:32 | DEBUG   | ldc | move info: 8.0 , -1.066666666666606
2026-01-28 12:23:32 | DEBUG   | ldc | move_rel clicked
2026-01-28 12:23:32 | DEBUG   | ldc | move info: 7.466666666666652 , -0.5333333333333939
2026-01-28 12:23:33 | DEBUG   | ldc | move_rel clicked
2026-01-28 12:23:33 | DEBUG   | ldc | move info: 5.333333333333349 , 0.0
2026-01-28 12:23:33 | DEBUG   | ldc | move_rel clicked
2026-01-28 12:23:33 | DEBUG   | ldc | move info: 4.800000000000001 , 0.0
2026-01-28 12:23:33 | DEBUG   | ldc | move_rel clicked
2026-01-28 12:23:33 | DEBUG   | ldc | move info: 2.1333333333333484 , 0.0
2026-01-28 12:23:33 | DEBUG   | ldc | move_rel clicked
2026-01-28 12:23:33 | DEBUG   | ldc | move info: 1.0666666666666516 , 0.0
2026-01-28 12:23:33 | DEBUG   | ldc | move_rel clicked
2026-01-28 12:23:33 | DEBUG   | ldc | move info: -1.0666666666666516 , 0.5333333333333939
2026-01-28 12:23:33 | DEBUG   | ldc | move_rel clicked
2026-01-28 12:23:33 | DEBUG   | ldc | move info: -2.1333333333333484 , 1.066666666666606
2026-01-28 12:23:33 | DEBUG   | ldc | move_rel clicked
2026-01-28 12:23:33 | DEBUG   | ldc | move info: -4.2666666666666515 , 2.666666666666788
2026-01-28 12:23:33 | DEBUG   | ldc | move_rel clicked
2026-01-28 12:23:33 | DEBUG   | ldc | move info: -5.333333333333349 , 2.666666666666606
2026-01-28 12:23:33 | DEBUG   | ldc | move_rel clicked
2026-01-28 12:23:33 | DEBUG   | ldc | move info: -5.866666666666652 , 3.2
2026-01-28 12:23:33 | DEBUG   | ldc | move_rel clicked
2026-01-28 12:23:33 | DEBUG   | ldc | move info: -4.800000000000001 , 2.666666666666606
2026-01-28 12:23:33 | DEBUG   | ldc | move_rel clicked
2026-01-28 12:23:33 | DEBUG   | ldc | move info: -3.2 , 2.666666666666788
2026-01-28 12:23:33 | DEBUG   | ldc | move_rel clicked
2026-01-28 12:23:33 | DEBUG   | ldc | move info: -2.666666666666697 , 2.133333333333212
2026-01-28 12:23:33 | DEBUG   | ldc | move_rel clicked
2026-01-28 12:23:33 | DEBUG   | ldc | move info: -1.6 , 1.6
2026-01-28 12:23:33 | DEBUG   | ldc | move_rel clicked
2026-01-28 12:23:33 | DEBUG   | ldc | move info: -1.0666666666666516 , 1.6
2026-01-28 12:23:33 | DEBUG   | ldc | move_rel clicked
2026-01-28 12:23:33 | DEBUG   | ldc | move info: -0.5333333333333485 , 1.0666666666667879
2026-01-28 12:23:33 | DEBUG   | ldc | move_rel clicked
2026-01-28 12:23:33 | DEBUG   | ldc | move info: 1.066666666666697 , 0.0
2026-01-28 12:23:33 | DEBUG   | ldc | move_rel clicked
2026-01-28 12:23:33 | DEBUG   | ldc | move info: 1.0666666666666516 , 0.0
2026-01-28 12:23:33 | DEBUG   | ldc | move_rel clicked
2026-01-28 12:23:33 | DEBUG   | ldc | move info: 0.5333333333333485 , 0.0
2026-01-28 12:23:33 | DEBUG   | ldc | move_rel clicked
2026-01-28 12:23:33 | DEBUG   | ldc | move info: 1.0666666666666516 , 0.0
2026-01-28 12:23:33 | DEBUG   | ldc | move_rel clicked
2026-01-28 12:23:33 | DEBUG   | ldc | move info: 0.5333333333333485 , 0.0
2026-01-28 12:23:33 | DEBUG   | ldc | move_rel clicked
2026-01-28 12:23:33 | DEBUG   | ldc | move info: 0.533333333333303 , 0.0
2026-01-28 12:23:33 | DEBUG   | ldc | move_rel clicked
2026-01-28 12:23:33 | DEBUG   | ldc | move info: 0.5333333333333485 , 0.0
2026-01-28 12:23:33 | DEBUG   | ldc | move_rel clicked
2026-01-28 12:23:33 | DEBUG   | ldc | move info: 0.5333333333333485 , 0.0
2026-01-28 12:23:33 | DEBUG   | ldc | move_rel clicked
2026-01-28 12:23:33 | DEBUG   | ldc | move info: 1.0666666666666516 , 0.0
2026-01-28 12:23:33 | DEBUG   | ldc | move_rel clicked
2026-01-28 12:23:33 | DEBUG   | ldc | move info: 0.5333333333333485 , 0.0
2026-01-28 12:23:33 | DEBUG   | ldc | move_rel clicked
2026-01-28 12:23:33 | DEBUG   | ldc | move info: 1.0666666666666516 , 0.0
2026-01-28 12:23:33 | DEBUG   | ldc | move_rel clicked
2026-01-28 12:23:33 | DEBUG   | ldc | move info: 0.5333333333333485 , 0.0
2026-01-28 12:23:33 | DEBUG   | ldc | move_rel clicked
2026-01-28 12:23:33 | DEBUG   | ldc | move info: 1.0666666666666516 , 0.0
2026-01-28 12:23:33 | DEBUG   | ldc | move_rel clicked
2026-01-28 12:23:33 | DEBUG   | ldc | move info: 1.0666666666666516 , 0.0
2026-01-28 12:23:33 | DEBUG   | ldc | move_rel clicked
2026-01-28 12:23:33 | DEBUG   | ldc | move info: 1.066666666666697 , 0.0
2026-01-28 12:23:33 | DEBUG   | ldc | move_rel clicked
2026-01-28 12:23:33 | DEBUG   | ldc | move info: 0.533333333333303 , 0.0
2026-01-28 12:23:33 | DEBUG   | ldc | move_rel clicked
2026-01-28 12:23:33 | DEBUG   | ldc | move info: 0.5333333333333485 , 0.0
2026-01-28 12:23:33 | DEBUG   | ldc | move_rel clicked
2026-01-28 12:23:33 | DEBUG   | ldc | move info: 0.5333333333333485 , 0.0
2026-01-28 12:23:33 | DEBUG   | ldc | move_rel clicked
2026-01-28 12:23:34 | DEBUG   | ldc | click event type=click
2026-01-28 12:23:34 | INFO    | ldc | ws client disconnected
2026-01-28 12:23:34 | INFO    | ldc | ws client connected
2026-01-28 12:23:34 | DEBUG   | ldc | move info: -1.6 , 3.2
2026-01-28 12:23:34 | DEBUG   | ldc | move_rel clicked
2026-01-28 12:23:34 | DEBUG   | ldc | move info: 0.0 , 0.0
2026-01-28 12:23:34 | DEBUG   | ldc | move_rel clicked
2026-01-28 12:23:34 | DEBUG   | ldc | move info: -3.733333333333303 , 17.066666666666606
2026-01-28 12:23:34 | DEBUG   | ldc | move_rel clicked
2026-01-28 12:23:34 | DEBUG   | ldc | move info: -0.533333333333303 , 5.333333333333394
2026-01-28 12:23:34 | DEBUG   | ldc | move_rel clicked
2026-01-28 12:23:34 | DEBUG   | ldc | move info: -4.800000000000001 , 17.066666666666606
2026-01-28 12:23:34 | DEBUG   | ldc | move_rel clicked
2026-01-28 12:23:34 | DEBUG   | ldc | move info: -9.600000000000001 , 27.733333333333395
2026-01-28 12:23:34 | DEBUG   | ldc | move_rel clicked
2026-01-28 12:23:34 | DEBUG   | ldc | move info: -11.733333333333348 , 32.0
2026-01-28 12:23:34 | DEBUG   | ldc | move_rel clicked
2026-01-28 12:23:34 | DEBUG   | ldc | move info: -11.733333333333348 , 34.13333333333321
2026-01-28 12:23:34 | DEBUG   | ldc | move_rel clicked
2026-01-28 12:23:34 | DEBUG   | ldc | move info: -11.733333333333304 , 35.2
2026-01-28 12:23:34 | DEBUG   | ldc | move_rel clicked
2026-01-28 12:23:34 | DEBUG   | ldc | move info: -8.53333333333335 , 30.933333333333394
2026-01-28 12:23:34 | DEBUG   | ldc | move_rel clicked
2026-01-28 12:23:34 | DEBUG   | ldc | move info: -7.466666666666652 , 25.066666666666606
2026-01-28 12:23:34 | DEBUG   | ldc | move_rel clicked
2026-01-28 12:23:34 | DEBUG   | ldc | move info: -6.933333333333349 , 19.733333333333395
2026-01-28 12:23:34 | DEBUG   | ldc | move_rel clicked
2026-01-28 12:23:34 | DEBUG   | ldc | move info: -6.933333333333349 , 17.066666666666606
2026-01-28 12:23:34 | DEBUG   | ldc | move_rel clicked
2026-01-28 12:23:34 | DEBUG   | ldc | move info: -6.933333333333303 , 14.933333333333394
2026-01-28 12:23:34 | DEBUG   | ldc | move_rel clicked
2026-01-28 12:23:34 | DEBUG   | ldc | move info: -4.266666666666697 , 13.333333333333394
2026-01-28 12:23:34 | DEBUG   | ldc | move_rel clicked
2026-01-28 12:23:34 | DEBUG   | ldc | move info: -3.2 , 10.666666666666607
2026-01-28 12:23:34 | DEBUG   | ldc | move_rel clicked
2026-01-28 12:23:34 | DEBUG   | ldc | move info: -1.0666666666666516 , 8.533333333333394
2026-01-28 12:23:34 | DEBUG   | ldc | move_rel clicked
2026-01-28 12:23:34 | DEBUG   | ldc | move info: 0.0 , 4.800000000000001
2026-01-28 12:23:34 | DEBUG   | ldc | move_rel clicked
2026-01-28 12:23:34 | DEBUG   | ldc | move info: -0.5333333333333485 , 1.6
2026-01-28 12:23:34 | DEBUG   | ldc | move_rel clicked
2026-01-28 12:23:35 | DEBUG   | ldc | move info: -4.800000000000001 , 21.333333333333215
2026-01-28 12:23:35 | DEBUG   | ldc | move_rel clicked
2026-01-28 12:23:35 | DEBUG   | ldc | move info: 0.0 , 0.0
2026-01-28 12:23:35 | DEBUG   | ldc | move_rel clicked
2026-01-28 12:23:35 | DEBUG   | ldc | move info: 0.533333333333303 , 2.666666666666788
2026-01-28 12:23:35 | DEBUG   | ldc | move_rel clicked
2026-01-28 12:23:35 | DEBUG   | ldc | move info: -0.533333333333303 , 15.466666666666606
2026-01-28 12:23:35 | DEBUG   | ldc | move_rel clicked
2026-01-28 12:23:35 | DEBUG   | ldc | move info: -3.2 , 26.133333333333397
2026-01-28 12:23:35 | DEBUG   | ldc | move_rel clicked
2026-01-28 12:23:35 | DEBUG   | ldc | move info: -4.266666666666697 , 29.333333333333215
2026-01-28 12:23:35 | DEBUG   | ldc | move_rel clicked
2026-01-28 12:23:35 | DEBUG   | ldc | move info: -4.800000000000001 , 30.933333333333394
2026-01-28 12:23:35 | DEBUG   | ldc | move_rel clicked
2026-01-28 12:23:35 | DEBUG   | ldc | move info: -3.2 , 28.26666666666661
2026-01-28 12:23:35 | DEBUG   | ldc | move_rel clicked
2026-01-28 12:23:35 | DEBUG   | ldc | move info: -2.133333333333303 , 25.06666666666679
2026-01-28 12:23:35 | DEBUG   | ldc | move_rel clicked
2026-01-28 12:23:35 | DEBUG   | ldc | move info: -1.066666666666697 , 22.400000000000002
2026-01-28 12:23:35 | DEBUG   | ldc | move_rel clicked
2026-01-28 12:23:35 | DEBUG   | ldc | move info: -1.0666666666666516 , 18.666666666666607
2026-01-28 12:23:35 | DEBUG   | ldc | move_rel clicked
2026-01-28 12:23:35 | DEBUG   | ldc | move info: -1.6 , 16.0
2026-01-28 12:23:35 | DEBUG   | ldc | move_rel clicked
2026-01-28 12:23:35 | DEBUG   | ldc | move info: -2.1333333333333484 , 13.866666666666607
2026-01-28 12:23:35 | DEBUG   | ldc | move_rel clicked
2026-01-28 12:23:35 | DEBUG   | ldc | move info: -2.133333333333303 , 12.8
2026-01-28 12:23:35 | DEBUG   | ldc | move_rel clicked
2026-01-28 12:23:35 | DEBUG   | ldc | move info: -3.7333333333333485 , 12.266666666666788
2026-01-28 12:23:35 | DEBUG   | ldc | move_rel clicked
2026-01-28 12:23:35 | DEBUG   | ldc | move info: -4.2666666666666515 , 11.200000000000001
2026-01-28 12:23:35 | DEBUG   | ldc | move_rel clicked
2026-01-28 12:23:35 | DEBUG   | ldc | move info: -3.7333333333333485 , 9.066666666666606
2026-01-28 12:23:35 | DEBUG   | ldc | move_rel clicked
2026-01-28 12:23:35 | DEBUG   | ldc | move info: -1.6 , 6.4
2026-01-28 12:23:35 | DEBUG   | ldc | move_rel clicked
2026-01-28 12:23:35 | DEBUG   | ldc | move info: -1.6 , 1.6
2026-01-28 12:23:35 | DEBUG   | ldc | move_rel clicked
2026-01-28 12:23:35 | DEBUG   | ldc | move info: 0.0 , -0.5333333333333939
2026-01-28 12:23:35 | DEBUG   | ldc | move_rel clicked
2026-01-28 12:23:35 | DEBUG   | ldc | move info: 0.0 , -0.5333333333332121
2026-01-28 12:23:35 | DEBUG   | ldc | move_rel clicked
2026-01-28 12:23:35 | DEBUG   | ldc | move info: 8.0 , 16.0
2026-01-28 12:23:35 | DEBUG   | ldc | move_rel clicked
2026-01-28 12:23:35 | DEBUG   | ldc | move info: 0.0 , 0.0
2026-01-28 12:23:35 | DEBUG   | ldc | move_rel clicked
2026-01-28 12:23:35 | DEBUG   | ldc | move info: 2.1333333333333484 , -1.6
2026-01-28 12:23:35 | DEBUG   | ldc | move_rel clicked
2026-01-28 12:23:35 | DEBUG   | ldc | move info: 10.133333333333349 , 0.0
2026-01-28 12:23:35 | DEBUG   | ldc | move_rel clicked
2026-01-28 12:23:35 | DEBUG   | ldc | move info: 21.333333333333304 , 0.0
2026-01-28 12:23:35 | DEBUG   | ldc | move_rel clicked
2026-01-28 12:23:35 | DEBUG   | ldc | move info: 31.466666666666697 , -6.4
2026-01-28 12:23:35 | DEBUG   | ldc | move_rel clicked
2026-01-28 12:23:35 | DEBUG   | ldc | move info: 36.800000000000004 , -12.266666666666788
2026-01-28 12:23:35 | DEBUG   | ldc | move_rel clicked
2026-01-28 12:23:35 | DEBUG   | ldc | move info: 35.2 , -12.266666666666607
2026-01-28 12:23:35 | DEBUG   | ldc | move_rel clicked
2026-01-28 12:23:35 | DEBUG   | ldc | move info: 33.066666666666606 , -9.600000000000001
2026-01-28 12:23:35 | DEBUG   | ldc | move_rel clicked
2026-01-28 12:23:35 | DEBUG   | ldc | move info: 28.266666666666698 , -5.866666666666607
2026-01-28 12:23:35 | DEBUG   | ldc | move_rel clicked
2026-01-28 12:23:35 | DEBUG   | ldc | move info: 22.400000000000002 , -4.266666666666788
2026-01-28 12:23:35 | DEBUG   | ldc | move_rel clicked
2026-01-28 12:23:35 | DEBUG   | ldc | move info: 14.933333333333303 , -3.2
2026-01-28 12:23:35 | DEBUG   | ldc | move_rel clicked
2026-01-28 12:23:35 | DEBUG   | ldc | move info: 19.73333333333335 , -16.533333333333395
2026-01-28 12:23:35 | DEBUG   | ldc | move_rel clicked
2026-01-28 12:23:35 | DEBUG   | ldc | move info: 0.0 , 0.0
2026-01-28 12:23:35 | DEBUG   | ldc | move_rel clicked
2026-01-28 12:23:35 | DEBUG   | ldc | move info: 5.333333333333304 , -2.133333333333212
2026-01-28 12:23:36 | DEBUG   | ldc | move_rel clicked
2026-01-28 12:23:36 | DEBUG   | ldc | move info: 22.93333333333335 , -11.733333333333395
2026-01-28 12:23:36 | DEBUG   | ldc | move_rel clicked
2026-01-28 12:23:36 | DEBUG   | ldc | move info: 37.33333333333335 , -18.133333333333393
2026-01-28 12:23:36 | DEBUG   | ldc | move_rel clicked
2026-01-28 12:23:36 | DEBUG   | ldc | move info: 34.133333333333304 , -19.200000000000003
2026-01-28 12:23:36 | DEBUG   | ldc | move_rel clicked
2026-01-28 12:23:36 | DEBUG   | ldc | move info: 28.266666666666698 , -13.866666666666607
2026-01-28 12:23:36 | DEBUG   | ldc | move_rel clicked
2026-01-28 12:23:36 | DEBUG   | ldc | move info: 26.133333333333304 , -10.666666666666607
2026-01-28 12:23:36 | DEBUG   | ldc | move_rel clicked
2026-01-28 12:23:36 | DEBUG   | ldc | move info: 27.200000000000003 , -10.133333333333395
2026-01-28 12:23:36 | DEBUG   | ldc | move_rel clicked
2026-01-28 12:23:36 | DEBUG   | ldc | move info: 26.133333333333304 , -11.200000000000001
2026-01-28 12:23:36 | DEBUG   | ldc | move_rel clicked
2026-01-28 12:23:36 | DEBUG   | ldc | move info: 20.266666666666698 , -11.200000000000001
2026-01-28 12:23:36 | DEBUG   | ldc | move_rel clicked
2026-01-28 12:23:36 | DEBUG   | ldc | move info: 3.2 , -3.7333333333333942
2026-01-28 12:23:36 | DEBUG   | ldc | move_rel clicked
2026-01-28 12:23:36 | DEBUG   | ldc | move info: 6.4 , -14.933333333333394
2026-01-28 12:23:36 | DEBUG   | ldc | move_rel clicked
2026-01-28 12:23:36 | DEBUG   | ldc | move info: 0.0 , 0.0
2026-01-28 12:23:36 | DEBUG   | ldc | move_rel clicked
2026-01-28 12:23:36 | DEBUG   | ldc | move info: 3.7333333333333485 , -21.333333333333396
2026-01-28 12:23:36 | DEBUG   | ldc | move_rel clicked
2026-01-28 12:23:36 | DEBUG   | ldc | move info: 2.666666666666652 , -7.466666666666606
2026-01-28 12:23:36 | DEBUG   | ldc | move_rel clicked
2026-01-28 12:23:36 | DEBUG   | ldc | move info: 7.466666666666652 , -27.200000000000003
2026-01-28 12:23:36 | DEBUG   | ldc | move_rel clicked
2026-01-28 12:23:36 | DEBUG   | ldc | move info: 13.866666666666697 , -38.400000000000006
2026-01-28 12:23:36 | DEBUG   | ldc | move_rel clicked
2026-01-28 12:23:36 | DEBUG   | ldc | move info: 18.666666666666607 , -35.2
2026-01-28 12:23:36 | DEBUG   | ldc | move_rel clicked
2026-01-28 12:23:36 | DEBUG   | ldc | move info: 22.400000000000002 , -28.8
2026-01-28 12:23:36 | DEBUG   | ldc | move_rel clicked
2026-01-28 12:23:36 | DEBUG   | ldc | move info: 20.8 , -24.0
2026-01-28 12:23:36 | DEBUG   | ldc | move_rel clicked
2026-01-28 12:23:36 | DEBUG   | ldc | move info: 18.133333333333393 , -22.400000000000002
2026-01-28 12:23:36 | DEBUG   | ldc | move_rel clicked
2026-01-28 12:23:36 | DEBUG   | ldc | move info: 11.733333333333304 , -22.400000000000002
2026-01-28 12:23:36 | DEBUG   | ldc | move_rel clicked
2026-01-28 12:23:36 | DEBUG   | ldc | move info: 7.466666666666697 , -21.333333333333396
2026-01-28 12:23:36 | DEBUG   | ldc | move_rel clicked
2026-01-28 12:23:36 | DEBUG   | ldc | move info: 1.6 , -4.266666666666606
2026-01-28 12:23:36 | DEBUG   | ldc | move_rel clicked
2026-01-28 12:23:36 | DEBUG   | ldc | move info: 2.666666666666652 , -4.800000000000001
2026-01-28 12:23:36 | DEBUG   | ldc | move_rel clicked
2026-01-28 12:23:36 | DEBUG   | ldc | move info: 0.0 , 0.0
2026-01-28 12:23:36 | DEBUG   | ldc | move_rel clicked
2026-01-28 12:23:36 | DEBUG   | ldc | move info: 12.266666666666698 , -18.133333333333212
2026-01-28 12:23:36 | DEBUG   | ldc | move_rel clicked
2026-01-28 12:23:36 | DEBUG   | ldc | move info: 3.2 , -3.7333333333333942
2026-01-28 12:23:36 | DEBUG   | ldc | move_rel clicked
2026-01-28 12:23:36 | DEBUG   | ldc | move info: 9.066666666666606 , -10.133333333333395
2026-01-28 12:23:36 | DEBUG   | ldc | move_rel clicked
2026-01-28 12:23:36 | DEBUG   | ldc | move info: 12.8 , -13.866666666666607
2026-01-28 12:23:36 | DEBUG   | ldc | move_rel clicked
2026-01-28 12:23:36 | DEBUG   | ldc | move info: 12.8 , -12.8
2026-01-28 12:23:36 | DEBUG   | ldc | move_rel clicked
2026-01-28 12:23:36 | DEBUG   | ldc | move info: 13.333333333333394 , -10.666666666666607
2026-01-28 12:23:36 | DEBUG   | ldc | move_rel clicked
2026-01-28 12:23:36 | DEBUG   | ldc | move info: 11.733333333333304 , -9.600000000000001
2026-01-28 12:23:36 | DEBUG   | ldc | move_rel clicked
2026-01-28 12:23:36 | DEBUG   | ldc | move info: 9.600000000000001 , -8.533333333333394
2026-01-28 12:23:36 | DEBUG   | ldc | move_rel clicked
2026-01-28 12:23:36 | DEBUG   | ldc | move info: 6.4 , -9.066666666666606
2026-01-28 12:23:36 | DEBUG   | ldc | move_rel clicked
2026-01-28 12:23:36 | DEBUG   | ldc | move info: 3.2 , -7.4666666666667885
2026-01-28 12:23:36 | DEBUG   | ldc | move_rel clicked
2026-01-28 12:23:36 | DEBUG   | ldc | move info: 1.066666666666697 , -6.933333333333213
2026-01-28 12:23:36 | DEBUG   | ldc | move_rel clicked
2026-01-28 12:23:36 | DEBUG   | ldc | move info: 0.533333333333303 , -8.0
2026-01-28 12:23:36 | DEBUG   | ldc | move_rel clicked
2026-01-28 12:23:36 | DEBUG   | ldc | move info: 1.066666666666697 , -8.0
2026-01-28 12:23:36 | DEBUG   | ldc | move_rel clicked
2026-01-28 12:23:36 | DEBUG   | ldc | move info: 2.133333333333303 , -8.0
2026-01-28 12:23:36 | DEBUG   | ldc | move_rel clicked
2026-01-28 12:23:36 | DEBUG   | ldc | move info: 2.133333333333303 , -8.533333333333394
2026-01-28 12:23:36 | DEBUG   | ldc | move_rel clicked
2026-01-28 12:23:36 | DEBUG   | ldc | move info: 1.066666666666697 , -6.933333333333394
2026-01-28 12:23:36 | DEBUG   | ldc | move_rel clicked
2026-01-28 12:23:36 | DEBUG   | ldc | move info: 0.0 , -5.333333333333212
2026-01-28 12:23:36 | DEBUG   | ldc | move_rel clicked
2026-01-28 12:23:36 | DEBUG   | ldc | move info: 0.0 , -2.666666666666788
2026-01-28 12:23:36 | DEBUG   | ldc | move_rel clicked
2026-01-28 12:23:36 | DEBUG   | ldc | move info: -0.533333333333303 , -1.6
2026-01-28 12:23:36 | DEBUG   | ldc | move_rel clicked
2026-01-28 12:23:37 | DEBUG   | ldc | move info: -5.866666666666697 , 0.0
2026-01-28 12:23:37 | DEBUG   | ldc | move_rel clicked
2026-01-28 12:23:37 | DEBUG   | ldc | move info: -6.4 , 0.0
2026-01-28 12:23:37 | DEBUG   | ldc | move_rel clicked
2026-01-28 12:23:37 | DEBUG   | ldc | move info: -8.0 , 0.0
2026-01-28 12:23:37 | DEBUG   | ldc | move_rel clicked
2026-01-28 12:23:37 | DEBUG   | ldc | move info: -9.600000000000001 , 0.0
2026-01-28 12:23:37 | DEBUG   | ldc | move_rel clicked
2026-01-28 12:23:37 | DEBUG   | ldc | move info: -9.066666666666697 , 0.0
2026-01-28 12:23:37 | DEBUG   | ldc | move_rel clicked
2026-01-28 12:23:37 | DEBUG   | ldc | move info: -6.4 , 0.0
2026-01-28 12:23:37 | DEBUG   | ldc | move_rel clicked
2026-01-28 12:23:37 | DEBUG   | ldc | move info: -5.333333333333304 , 0.0
2026-01-28 12:23:37 | DEBUG   | ldc | move_rel clicked
2026-01-28 12:23:37 | DEBUG   | ldc | move info: -3.2 , 0.0
2026-01-28 12:23:37 | DEBUG   | ldc | move_rel clicked
2026-01-28 12:23:37 | DEBUG   | ldc | move info: -1.066666666666697 , 0.0
2026-01-28 12:23:37 | DEBUG   | ldc | move_rel clicked
2026-01-28 12:23:37 | DEBUG   | ldc | move info: 1.066666666666697 , 0.0
2026-01-28 12:23:37 | DEBUG   | ldc | move_rel clicked
2026-01-28 12:23:37 | DEBUG   | ldc | move info: 0.533333333333303 , 0.0
2026-01-28 12:23:37 | DEBUG   | ldc | move_rel clicked
2026-01-28 12:23:37 | DEBUG   | ldc | move info: -2.666666666666606 , 0.0
2026-01-28 12:23:37 | DEBUG   | ldc | move_rel clicked
2026-01-28 12:23:37 | DEBUG   | ldc | move info: -4.266666666666697 , 0.0
2026-01-28 12:23:37 | DEBUG   | ldc | move_rel clicked
2026-01-28 12:23:37 | DEBUG   | ldc | move info: -3.733333333333303 , 0.0
2026-01-28 12:23:37 | DEBUG   | ldc | move_rel clicked
2026-01-28 12:23:37 | DEBUG   | ldc | move info: -3.7333333333333942 , 0.0
2026-01-28 12:23:37 | DEBUG   | ldc | move_rel clicked
2026-01-28 12:23:37 | DEBUG   | ldc | move info: -3.2 , 0.0
2026-01-28 12:23:37 | DEBUG   | ldc | move_rel clicked
2026-01-28 12:23:37 | DEBUG   | ldc | move info: -4.800000000000001 , 1.0666666666667879
2026-01-28 12:23:37 | DEBUG   | ldc | move_rel clicked
2026-01-28 12:23:37 | DEBUG   | ldc | move info: -4.800000000000001 , 6.933333333333213
2026-01-28 12:23:37 | DEBUG   | ldc | move_rel clicked
2026-01-28 12:23:37 | DEBUG   | ldc | move info: -4.800000000000001 , 9.066666666666789
2026-01-28 12:23:37 | DEBUG   | ldc | move_rel clicked
2026-01-28 12:23:37 | DEBUG   | ldc | move info: -4.266666666666606 , 9.066666666666606
2026-01-28 12:23:37 | DEBUG   | ldc | move_rel clicked
2026-01-28 12:23:37 | DEBUG   | ldc | move info: -3.7333333333333942 , 10.133333333333395
2026-01-28 12:23:37 | DEBUG   | ldc | move_rel clicked
2026-01-28 12:23:37 | DEBUG   | ldc | move info: -3.2 , 9.066666666666606
2026-01-28 12:23:37 | DEBUG   | ldc | move_rel clicked
2026-01-28 12:23:37 | DEBUG   | ldc | move info: -2.666666666666606 , 8.0
2026-01-28 12:23:37 | DEBUG   | ldc | move_rel clicked
2026-01-28 12:23:37 | DEBUG   | ldc | move info: -2.666666666666697 , 8.0
2026-01-28 12:23:37 | DEBUG   | ldc | move_rel clicked
2026-01-28 12:23:37 | DEBUG   | ldc | move info: -1.6 , 5.333333333333394
2026-01-28 12:23:37 | DEBUG   | ldc | move_rel clicked
2026-01-28 12:23:37 | DEBUG   | ldc | move info: 0.0 , 2.666666666666606
2026-01-28 12:23:37 | DEBUG   | ldc | move_rel clicked
2026-01-28 12:23:37 | DEBUG   | ldc | move info: 1.066666666666697 , -0.5333333333333939
2026-01-28 12:23:37 | DEBUG   | ldc | move_rel clicked
2026-01-28 12:23:37 | DEBUG   | ldc | move info: 1.0666666666666516 , -1.066666666666606
2026-01-28 12:23:37 | DEBUG   | ldc | move_rel clicked
2026-01-28 12:23:37 | DEBUG   | ldc | move info: 2.1333333333333484 , -1.066666666666606
2026-01-28 12:23:37 | DEBUG   | ldc | move_rel clicked
2026-01-28 12:23:37 | DEBUG   | ldc | move info: 1.6 , -1.6
2026-01-28 12:23:37 | DEBUG   | ldc | move_rel clicked
2026-01-28 12:23:37 | DEBUG   | ldc | move info: 2.666666666666606 , -1.6
2026-01-28 12:23:37 | DEBUG   | ldc | move_rel clicked
2026-01-28 12:23:37 | DEBUG   | ldc | move info: 3.7333333333333942 , -1.6
2026-01-28 12:23:37 | DEBUG   | ldc | move_rel clicked
2026-01-28 12:23:37 | DEBUG   | ldc | move info: 6.4 , -3.7333333333333942
2026-01-28 12:23:37 | DEBUG   | ldc | move_rel clicked
2026-01-28 12:23:37 | DEBUG   | ldc | move info: 5.333333333333304 , -4.266666666666606
2026-01-28 12:23:37 | DEBUG   | ldc | move_rel clicked
2026-01-28 12:23:37 | DEBUG   | ldc | move info: 3.733333333333303 , -3.2
2026-01-28 12:23:37 | DEBUG   | ldc | move_rel clicked
2026-01-28 12:23:37 | DEBUG   | ldc | move info: 2.133333333333394 , -5.333333333333394
2026-01-28 12:23:37 | DEBUG   | ldc | move_rel clicked
2026-01-28 12:23:37 | DEBUG   | ldc | move info: 0.0 , -5.333333333333394
2026-01-28 12:23:37 | DEBUG   | ldc | move_rel clicked
2026-01-28 12:23:37 | DEBUG   | ldc | move info: 0.0 , -4.266666666666606
2026-01-28 12:23:37 | DEBUG   | ldc | move_rel clicked
2026-01-28 12:23:37 | DEBUG   | ldc | move info: 0.0 , -3.2
2026-01-28 12:23:37 | DEBUG   | ldc | move_rel clicked
2026-01-28 12:23:37 | DEBUG   | ldc | move info: 0.0 , -2.133333333333394
2026-01-28 12:23:37 | DEBUG   | ldc | move_rel clicked
2026-01-28 12:23:37 | DEBUG   | ldc | move info: 0.0 , -1.6
2026-01-28 12:23:37 | DEBUG   | ldc | move_rel clicked
2026-01-28 12:23:37 | DEBUG   | ldc | move info: -1.066666666666697 , -0.5333333333332121
2026-01-28 12:23:37 | DEBUG   | ldc | move_rel clicked
2026-01-28 12:23:37 | DEBUG   | ldc | move info: -1.6 , 0.0
2026-01-28 12:23:37 | DEBUG   | ldc | move_rel clicked
2026-01-28 12:23:37 | DEBUG   | ldc | move info: -1.066666666666697 , 0.0
2026-01-28 12:23:37 | DEBUG   | ldc | move_rel clicked
2026-01-28 12:23:37 | DEBUG   | ldc | move info: -1.066666666666606 , 0.0
2026-01-28 12:23:37 | DEBUG   | ldc | move_rel clicked
2026-01-28 12:23:37 | DEBUG   | ldc | move info: -1.066666666666697 , 0.0
2026-01-28 12:23:38 | DEBUG   | ldc | move_rel clicked
2026-01-28 12:23:38 | DEBUG   | ldc | move info: -0.533333333333303 , 0.0
2026-01-28 12:23:38 | DEBUG   | ldc | move_rel clicked
2026-01-28 12:23:38 | DEBUG   | ldc | move info: -0.5333333333333939 , 0.0
2026-01-28 12:23:38 | DEBUG   | ldc | move_rel clicked
2026-01-28 12:23:38 | DEBUG   | ldc | move info: -1.066666666666606 , 0.0
2026-01-28 12:23:38 | DEBUG   | ldc | move_rel clicked
2026-01-28 12:23:38 | DEBUG   | ldc | move info: -1.066666666666697 , 0.0
2026-01-28 12:23:38 | DEBUG   | ldc | move_rel clicked
2026-01-28 12:23:38 | DEBUG   | ldc | move info: -0.533333333333303 , 0.0
2026-01-28 12:23:38 | DEBUG   | ldc | move_rel clicked
2026-01-28 12:23:38 | DEBUG   | ldc | move info: -1.066666666666697 , 0.0
2026-01-28 12:23:38 | DEBUG   | ldc | move_rel clicked
2026-01-28 12:23:38 | DEBUG   | ldc | move info: -0.533333333333303 , 0.0
2026-01-28 12:23:38 | DEBUG   | ldc | move_rel clicked
2026-01-28 12:23:38 | DEBUG   | ldc | move info: -0.5333333333333939 , 0.0
2026-01-28 12:23:38 | DEBUG   | ldc | move_rel clicked
2026-01-28 12:23:38 | DEBUG   | ldc | move info: -0.533333333333303 , 0.0
2026-01-28 12:23:38 | DEBUG   | ldc | move_rel clicked
2026-01-28 12:23:38 | DEBUG   | ldc | move info: -0.533333333333303 , 0.0
2026-01-28 12:23:38 | DEBUG   | ldc | move_rel clicked
2026-01-28 12:23:38 | DEBUG   | ldc | move info: 0.0 , 0.5333333333332121
2026-01-28 12:23:38 | DEBUG   | ldc | move_rel clicked
2026-01-28 12:23:38 | DEBUG   | ldc | move info: 0.0 , 0.5333333333333939
2026-01-28 12:23:38 | DEBUG   | ldc | move_rel clicked
2026-01-28 12:23:38 | DEBUG   | ldc | click event type=click
2026-01-28 12:23:39 | DEBUG   | ldc | move info: -5.866666666666697 , 1.6
2026-01-28 12:23:39 | DEBUG   | ldc | move_rel clicked
2026-01-28 12:23:39 | DEBUG   | ldc | move info: 0.0 , 0.0
2026-01-28 12:23:39 | DEBUG   | ldc | move_rel clicked
2026-01-28 12:23:39 | DEBUG   | ldc | move info: -23.466666666666697 , 3.733333333333212
2026-01-28 12:23:39 | DEBUG   | ldc | move_rel clicked
2026-01-28 12:23:39 | DEBUG   | ldc | move info: -3.733333333333303 , 1.6
2026-01-28 12:23:39 | DEBUG   | ldc | move_rel clicked
2026-01-28 12:23:39 | DEBUG   | ldc | move info: -15.466666666666697 , 5.866666666666788
2026-01-28 12:23:39 | DEBUG   | ldc | move_rel clicked
2026-01-28 12:23:39 | DEBUG   | ldc | move info: -24.533333333333303 , 12.8
2026-01-28 12:23:39 | DEBUG   | ldc | move_rel clicked
2026-01-28 12:23:39 | DEBUG   | ldc | move info: -28.26666666666665 , 17.066666666666606
2026-01-28 12:23:39 | DEBUG   | ldc | move_rel clicked
2026-01-28 12:23:39 | DEBUG   | ldc | move info: -27.73333333333335 , 17.066666666666606
2026-01-28 12:23:39 | DEBUG   | ldc | move_rel clicked
2026-01-28 12:23:39 | DEBUG   | ldc | move info: -25.6 , 16.0
2026-01-28 12:23:39 | DEBUG   | ldc | move_rel clicked
2026-01-28 12:23:39 | DEBUG   | ldc | move info: -22.933333333333305 , 13.333333333333394
2026-01-28 12:23:39 | DEBUG   | ldc | move_rel clicked
2026-01-28 12:23:39 | DEBUG   | ldc | move info: -19.200000000000003 , 12.266666666666607
2026-01-28 12:23:39 | DEBUG   | ldc | move_rel clicked
2026-01-28 12:23:39 | DEBUG   | ldc | move info: -18.13333333333335 , 10.666666666666789
2026-01-28 12:23:39 | DEBUG   | ldc | move_rel clicked
2026-01-28 12:23:39 | DEBUG   | ldc | move info: -17.066666666666652 , 7.466666666666606
2026-01-28 12:23:39 | DEBUG   | ldc | move_rel clicked
2026-01-28 12:23:39 | DEBUG   | ldc | move info: -4.800000000000001 , 1.066666666666606
2026-01-28 12:23:39 | DEBUG   | ldc | move_rel clicked
2026-01-28 12:23:39 | DEBUG   | ldc | move info: -4.800000000000001 , 2.133333333333212
2026-01-28 12:23:39 | DEBUG   | ldc | move_rel clicked
2026-01-28 12:23:39 | DEBUG   | ldc | move info: 0.0 , 0.0
2026-01-28 12:23:39 | DEBUG   | ldc | move_rel clicked
2026-01-28 12:23:39 | DEBUG   | ldc | move info: -23.466666666666697 , 3.7333333333333942
2026-01-28 12:23:39 | DEBUG   | ldc | move_rel clicked
2026-01-28 12:23:39 | DEBUG   | ldc | move info: -6.933333333333303 , 0.5333333333333939
2026-01-28 12:23:39 | DEBUG   | ldc | move_rel clicked
2026-01-28 12:23:39 | DEBUG   | ldc | move info: -22.933333333333394 , 2.666666666666606
2026-01-28 12:23:39 | DEBUG   | ldc | move_rel clicked
2026-01-28 12:23:39 | DEBUG   | ldc | move info: -36.799999999999955 , 7.466666666666606
2026-01-28 12:23:39 | DEBUG   | ldc | move_rel clicked
2026-01-28 12:23:39 | DEBUG   | ldc | move info: -40.0 , 11.200000000000001
2026-01-28 12:23:39 | DEBUG   | ldc | move_rel clicked
2026-01-28 12:23:39 | DEBUG   | ldc | move info: -36.26666666666665 , 12.8
2026-01-28 12:23:39 | DEBUG   | ldc | move_rel clicked
2026-01-28 12:23:39 | DEBUG   | ldc | move info: -26.6666666666667 , 11.733333333333395
2026-01-28 12:23:39 | DEBUG   | ldc | move_rel clicked
2026-01-28 12:23:39 | DEBUG   | ldc | move info: -17.6 , 10.666666666666607
2026-01-28 12:23:39 | DEBUG   | ldc | move_rel clicked
2026-01-28 12:23:39 | DEBUG   | ldc | move info: -12.8 , 9.600000000000001
2026-01-28 12:23:39 | DEBUG   | ldc | move_rel clicked
2026-01-28 12:23:39 | DEBUG   | ldc | move info: -9.600000000000001 , 3.7333333333333942
2026-01-28 12:23:39 | DEBUG   | ldc | move_rel clicked
2026-01-28 12:23:39 | DEBUG   | ldc | move info: -19.200000000000003 , -0.5333333333333939
2026-01-28 12:23:39 | DEBUG   | ldc | move_rel clicked
2026-01-28 12:23:39 | DEBUG   | ldc | move info: 0.0 , 0.0
2026-01-28 12:23:39 | DEBUG   | ldc | move_rel clicked
2026-01-28 12:23:39 | DEBUG   | ldc | move info: -5.333333333333394 , 0.0
2026-01-28 12:23:39 | DEBUG   | ldc | move_rel clicked
2026-01-28 12:23:39 | DEBUG   | ldc | move info: -20.26666666666661 , 0.0
2026-01-28 12:23:39 | DEBUG   | ldc | move_rel clicked
2026-01-28 12:23:39 | DEBUG   | ldc | move info: -34.13333333333335 , -0.5333333333333939
2026-01-28 12:23:39 | DEBUG   | ldc | move_rel clicked
2026-01-28 12:23:39 | DEBUG   | ldc | move info: -36.800000000000004 , 1.0666666666667879
2026-01-28 12:23:39 | DEBUG   | ldc | move_rel clicked
2026-01-28 12:23:39 | DEBUG   | ldc | move info: -31.466666666666654 , 9.600000000000001
2026-01-28 12:23:39 | DEBUG   | ldc | move_rel clicked
2026-01-28 12:23:39 | DEBUG   | ldc | move info: -21.8666666666667 , 13.333333333333213
2026-01-28 12:23:39 | DEBUG   | ldc | move_rel clicked
2026-01-28 12:23:39 | DEBUG   | ldc | move info: -14.933333333333303 , 10.666666666666789
2026-01-28 12:23:39 | DEBUG   | ldc | move_rel clicked
2026-01-28 12:23:39 | DEBUG   | ldc | move info: -12.266666666666698 , 8.0
2026-01-28 12:23:40 | DEBUG   | ldc | move_rel clicked
2026-01-28 12:23:40 | DEBUG   | ldc | move info: -11.733333333333304 , 5.333333333333212
2026-01-28 12:23:40 | DEBUG   | ldc | move_rel clicked
2026-01-28 12:23:40 | DEBUG   | ldc | move info: -11.200000000000001 , 2.666666666666788
2026-01-28 12:23:40 | DEBUG   | ldc | move_rel clicked
2026-01-28 12:23:40 | DEBUG   | ldc | move info: -3.2 , 0.0
2026-01-28 12:23:40 | DEBUG   | ldc | move_rel clicked
2026-01-28 12:23:40 | DEBUG   | ldc | move info: -5.866666666666607 , 1.0666666666667879
2026-01-28 12:23:40 | DEBUG   | ldc | move_rel clicked
2026-01-28 12:23:40 | DEBUG   | ldc | move info: 0.0 , 0.0
2026-01-28 12:23:40 | DEBUG   | ldc | move_rel clicked
2026-01-28 12:23:40 | DEBUG   | ldc | move info: -26.6666666666667 , 1.6
2026-01-28 12:23:40 | DEBUG   | ldc | move_rel clicked
2026-01-28 12:23:40 | DEBUG   | ldc | move info: -8.0 , 0.0
2026-01-28 12:23:40 | DEBUG   | ldc | move_rel clicked
2026-01-28 12:23:40 | DEBUG   | ldc | move info: -24.0 , 0.0
2026-01-28 12:23:40 | DEBUG   | ldc | move_rel clicked
2026-01-28 12:23:40 | DEBUG   | ldc | move info: -34.66666666666665 , -1.0666666666667879
2026-01-28 12:23:40 | DEBUG   | ldc | move_rel clicked
2026-01-28 12:23:40 | DEBUG   | ldc | move info: -33.6 , 0.0
2026-01-28 12:23:40 | DEBUG   | ldc | move_rel clicked
2026-01-28 12:23:40 | DEBUG   | ldc | move info: -29.866666666666653 , 0.0
2026-01-28 12:23:40 | DEBUG   | ldc | move_rel clicked
2026-01-28 12:23:40 | DEBUG   | ldc | move info: -24.0 , 1.0666666666667879
2026-01-28 12:23:40 | DEBUG   | ldc | move_rel clicked
2026-01-28 12:23:40 | DEBUG   | ldc | move info: -17.6 , 3.2
2026-01-28 12:23:40 | DEBUG   | ldc | move_rel clicked
2026-01-28 12:23:40 | DEBUG   | ldc | move info: -12.8 , 2.133333333333212
2026-01-28 12:23:40 | DEBUG   | ldc | move_rel clicked
2026-01-28 12:23:40 | DEBUG   | ldc | move info: -10.666666666666698 , 1.0666666666667879
2026-01-28 12:23:40 | DEBUG   | ldc | move_rel clicked
2026-01-28 12:23:40 | DEBUG   | ldc | move info: -9.600000000000001 , 0.0
2026-01-28 12:23:40 | DEBUG   | ldc | move_rel clicked
2026-01-28 12:23:40 | DEBUG   | ldc | move info: -3.2 , 0.0
2026-01-28 12:23:40 | DEBUG   | ldc | move_rel clicked
2026-01-28 12:23:40 | DEBUG   | ldc | move info: -5.333333333333304 , -1.066666666666606
2026-01-28 12:23:40 | DEBUG   | ldc | move_rel clicked
2026-01-28 12:23:40 | DEBUG   | ldc | move info: 0.0 , 0.0
2026-01-28 12:23:40 | DEBUG   | ldc | move_rel clicked
2026-01-28 12:23:40 | DEBUG   | ldc | move info: -8.0 , -1.6
2026-01-28 12:23:40 | DEBUG   | ldc | move_rel clicked
2026-01-28 12:23:40 | DEBUG   | ldc | move info: -20.8 , -3.7333333333333942
2026-01-28 12:23:40 | DEBUG   | ldc | move_rel clicked
2026-01-28 12:23:40 | DEBUG   | ldc | move info: -18.666666666666654 , -6.4
2026-01-28 12:23:40 | DEBUG   | ldc | move_rel clicked
2026-01-28 12:23:40 | DEBUG   | ldc | move info: -28.8 , -8.0
2026-01-28 12:23:40 | DEBUG   | ldc | move_rel clicked
2026-01-28 12:23:40 | DEBUG   | ldc | move info: -25.6 , -4.266666666666606
2026-01-28 12:23:40 | DEBUG   | ldc | move_rel clicked
2026-01-28 12:23:40 | DEBUG   | ldc | move info: -19.200000000000003 , -0.5333333333333939
2026-01-28 12:23:40 | DEBUG   | ldc | move_rel clicked
2026-01-28 12:23:40 | DEBUG   | ldc | move info: -11.200000000000001 , 0.0
2026-01-28 12:23:40 | DEBUG   | ldc | move_rel clicked
2026-01-28 12:23:40 | DEBUG   | ldc | move info: -5.333333333333349 , 0.0
2026-01-28 12:23:40 | DEBUG   | ldc | move_rel clicked
2026-01-28 12:23:40 | DEBUG   | ldc | move info: -2.133333333333303 , 1.6
2026-01-28 12:23:40 | DEBUG   | ldc | move_rel clicked
2026-01-28 12:23:40 | DEBUG   | ldc | move info: -2.1333333333333484 , 1.6
2026-01-28 12:23:40 | DEBUG   | ldc | move_rel clicked
2026-01-28 12:23:40 | DEBUG   | ldc | move info: -1.0666666666666516 , 1.0666666666667879
2026-01-28 12:23:40 | DEBUG   | ldc | move_rel clicked
2026-01-28 12:23:40 | DEBUG   | ldc | move info: -0.5333333333333485 , 0.0
2026-01-28 12:23:40 | DEBUG   | ldc | move_rel clicked
2026-01-28 12:23:40 | DEBUG   | ldc | move info: -0.5333333333333485 , 0.0
2026-01-28 12:23:40 | DEBUG   | ldc | move_rel clicked
2026-01-28 12:23:41 | DEBUG   | ldc | move info: -2.133333333333303 , 0.0
2026-01-28 12:23:41 | DEBUG   | ldc | move_rel clicked
2026-01-28 12:23:41 | DEBUG   | ldc | move info: -4.266666666666697 , 0.0
2026-01-28 12:23:41 | DEBUG   | ldc | move_rel clicked
2026-01-28 12:23:41 | DEBUG   | ldc | move info: -3.733333333333303 , 1.6
2026-01-28 12:23:41 | DEBUG   | ldc | move_rel clicked
2026-01-28 12:23:41 | DEBUG   | ldc | move info: -2.1333333333333484 , 2.133333333333212
2026-01-28 12:23:41 | DEBUG   | ldc | move_rel clicked
2026-01-28 12:23:41 | DEBUG   | ldc | move info: -1.0666666666666516 , 1.0666666666667879
2026-01-28 12:23:41 | DEBUG   | ldc | move_rel clicked
2026-01-28 12:23:41 | DEBUG   | ldc | move info: -1.066666666666697 , 1.066666666666606
2026-01-28 12:23:41 | DEBUG   | ldc | move_rel clicked
2026-01-28 12:23:41 | DEBUG   | ldc | move info: 0.0 , 0.5333333333333939
2026-01-28 12:23:41 | DEBUG   | ldc | move_rel clicked
2026-01-28 12:23:41 | DEBUG   | ldc | move info: 1.6 , 0.5333333333332121
2026-01-28 12:23:41 | DEBUG   | ldc | move_rel clicked
2026-01-28 12:23:41 | DEBUG   | ldc | move info: 4.800000000000001 , 1.0666666666667879
2026-01-28 12:23:41 | DEBUG   | ldc | move_rel clicked
2026-01-28 12:23:41 | DEBUG   | ldc | move info: 5.866666666666697 , 1.6
2026-01-28 12:23:41 | DEBUG   | ldc | move_rel clicked
2026-01-28 12:23:41 | DEBUG   | ldc | move info: 4.2666666666666515 , 2.133333333333212
2026-01-28 12:23:41 | DEBUG   | ldc | move_rel clicked
2026-01-28 12:23:41 | DEBUG   | ldc | move info: 3.7333333333333485 , 2.133333333333394
2026-01-28 12:23:41 | DEBUG   | ldc | move_rel clicked
2026-01-28 12:23:41 | DEBUG   | ldc | move info: 2.666666666666652 , 1.6
2026-01-28 12:23:41 | DEBUG   | ldc | move_rel clicked
2026-01-28 12:23:41 | DEBUG   | ldc | move info: 1.6 , 1.066666666666606
2026-01-28 12:23:41 | DEBUG   | ldc | move_rel clicked
2026-01-28 12:23:41 | DEBUG   | ldc | move info: 1.0666666666666516 , 1.0666666666667879
2026-01-28 12:23:41 | DEBUG   | ldc | move_rel clicked
2026-01-28 12:23:41 | DEBUG   | ldc | move info: 0.5333333333333485 , 1.066666666666606
2026-01-28 12:23:41 | DEBUG   | ldc | move_rel clicked
2026-01-28 12:23:41 | DEBUG   | ldc | click event type=click
2026-01-28 12:23:43 | DEBUG   | ldc | right_click clicked
2026-01-28 12:23:44 | DEBUG   | ldc | move info: 14.4 , 11.733333333333213
2026-01-28 12:23:44 | DEBUG   | ldc | move_rel clicked
2026-01-28 12:23:44 | DEBUG   | ldc | move info: 0.0 , 0.0
2026-01-28 12:23:44 | DEBUG   | ldc | move_rel clicked
2026-01-28 12:23:44 | DEBUG   | ldc | move info: 11.733333333333348 , 3.2
2026-01-28 12:23:44 | DEBUG   | ldc | move_rel clicked
2026-01-28 12:23:44 | DEBUG   | ldc | move info: 3.2 , 1.6
2026-01-28 12:23:44 | DEBUG   | ldc | move_rel clicked
2026-01-28 12:23:44 | DEBUG   | ldc | move info: 9.066666666666652 , 4.266666666666788
2026-01-28 12:23:44 | DEBUG   | ldc | move_rel clicked
2026-01-28 12:23:44 | DEBUG   | ldc | move info: 11.200000000000001 , 4.800000000000001
2026-01-28 12:23:44 | DEBUG   | ldc | move_rel clicked
2026-01-28 12:23:44 | DEBUG   | ldc | move info: 10.666666666666698 , 4.266666666666606
2026-01-28 12:23:44 | DEBUG   | ldc | move_rel clicked
2026-01-28 12:23:44 | DEBUG   | ldc | move info: 9.066666666666606 , 3.2
2026-01-28 12:23:44 | DEBUG   | ldc | move_rel clicked
2026-01-28 12:23:44 | DEBUG   | ldc | move info: 8.0 , 1.6
2026-01-28 12:23:44 | DEBUG   | ldc | move_rel clicked
2026-01-28 12:23:44 | DEBUG   | ldc | move info: 4.800000000000001 , 0.5333333333333939
2026-01-28 12:23:44 | DEBUG   | ldc | move_rel clicked
2026-01-28 12:23:44 | DEBUG   | ldc | move info: 2.666666666666697 , 0.0
2026-01-28 12:23:44 | DEBUG   | ldc | move_rel clicked
2026-01-28 12:23:44 | DEBUG   | ldc | move info: 1.066666666666697 , 0.0
2026-01-28 12:23:44 | DEBUG   | ldc | move_rel clicked
2026-01-28 12:23:44 | DEBUG   | ldc | move info: 1.066666666666606 , 0.0
2026-01-28 12:23:44 | DEBUG   | ldc | move_rel clicked
2026-01-28 12:23:44 | DEBUG   | ldc | move info: 1.066666666666697 , 0.0
2026-01-28 12:23:44 | DEBUG   | ldc | move_rel clicked
2026-01-28 12:23:44 | DEBUG   | ldc | move info: 1.6 , 0.0
2026-01-28 12:23:44 | DEBUG   | ldc | move_rel clicked
2026-01-28 12:23:44 | DEBUG   | ldc | move info: 2.133333333333303 , 0.5333333333332121
2026-01-28 12:23:44 | DEBUG   | ldc | move_rel clicked
2026-01-28 12:23:44 | DEBUG   | ldc | move info: 1.066666666666697 , 1.0666666666667879
2026-01-28 12:23:44 | DEBUG   | ldc | move_rel clicked
2026-01-28 12:23:44 | DEBUG   | ldc | move info: 1.6 , 0.0
2026-01-28 12:23:44 | DEBUG   | ldc | move_rel clicked
2026-01-28 12:23:44 | DEBUG   | ldc | move info: 0.533333333333303 , 0.5333333333332121
2026-01-28 12:23:44 | DEBUG   | ldc | move_rel clicked
2026-01-28 12:23:44 | DEBUG   | ldc | move info: 0.5333333333333939 , 0.0
2026-01-28 12:23:44 | DEBUG   | ldc | move_rel clicked
2026-01-28 12:23:44 | DEBUG   | ldc | move info: 0.0 , 0.5333333333333939
2026-01-28 12:23:44 | DEBUG   | ldc | move_rel clicked
2026-01-28 12:23:44 | DEBUG   | ldc | move info: 0.533333333333303 , 1.066666666666606
2026-01-28 12:23:44 | DEBUG   | ldc | move_rel clicked
2026-01-28 12:23:44 | DEBUG   | ldc | move info: 1.6 , 1.0666666666667879
2026-01-28 12:23:44 | DEBUG   | ldc | move_rel clicked
2026-01-28 12:23:44 | DEBUG   | ldc | move info: 1.066666666666697 , 1.6
2026-01-28 12:23:44 | DEBUG   | ldc | move_rel clicked
2026-01-28 12:23:44 | DEBUG   | ldc | move info: 0.0 , 1.6
2026-01-28 12:23:45 | DEBUG   | ldc | move_rel clicked
2026-01-28 12:23:45 | DEBUG   | ldc | move info: 1.6 , 2.133333333333212
2026-01-28 12:23:45 | DEBUG   | ldc | move_rel clicked
2026-01-28 12:23:45 | DEBUG   | ldc | move info: 1.066666666666606 , 4.266666666666788
2026-01-28 12:23:45 | DEBUG   | ldc | move_rel clicked
2026-01-28 12:23:45 | DEBUG   | ldc | move info: 1.066666666666697 , 6.4
2026-01-28 12:23:45 | DEBUG   | ldc | move_rel clicked
2026-01-28 12:23:45 | DEBUG   | ldc | move info: 0.533333333333303 , 6.933333333333213
2026-01-28 12:23:45 | DEBUG   | ldc | move_rel clicked
2026-01-28 12:23:45 | DEBUG   | ldc | move info: 0.0 , 7.4666666666667885
2026-01-28 12:23:45 | DEBUG   | ldc | move_rel clicked
2026-01-28 12:23:45 | DEBUG   | ldc | move info: 0.0 , 5.866666666666607
2026-01-28 12:23:45 | DEBUG   | ldc | move_rel clicked
2026-01-28 12:23:45 | DEBUG   | ldc | move info: 0.0 , 5.866666666666607
2026-01-28 12:23:45 | DEBUG   | ldc | move_rel clicked
2026-01-28 12:23:45 | DEBUG   | ldc | move info: 0.0 , 4.800000000000001
2026-01-28 12:23:45 | DEBUG   | ldc | move_rel clicked
2026-01-28 12:23:45 | DEBUG   | ldc | move info: 0.0 , 4.266666666666788
2026-01-28 12:23:45 | DEBUG   | ldc | move_rel clicked
2026-01-28 12:23:45 | DEBUG   | ldc | move info: 0.0 , 3.733333333333212
2026-01-28 12:23:45 | DEBUG   | ldc | move_rel clicked
2026-01-28 12:23:45 | DEBUG   | ldc | move info: 0.0 , 4.800000000000001
2026-01-28 12:23:45 | DEBUG   | ldc | move_rel clicked
2026-01-28 12:23:45 | DEBUG   | ldc | move info: 0.0 , 4.266666666666788
2026-01-28 12:23:45 | DEBUG   | ldc | move_rel clicked
2026-01-28 12:23:45 | DEBUG   | ldc | move info: 0.0 , 3.733333333333212
2026-01-28 12:23:45 | DEBUG   | ldc | move_rel clicked
2026-01-28 12:23:45 | DEBUG   | ldc | move info: 0.0 , 3.7333333333333942
2026-01-28 12:23:45 | DEBUG   | ldc | move_rel clicked
2026-01-28 12:23:45 | DEBUG   | ldc | move info: 0.0 , 3.7333333333333942
2026-01-28 12:23:45 | DEBUG   | ldc | move_rel clicked
2026-01-28 12:23:45 | DEBUG   | ldc | move info: 0.0 , 3.2
2026-01-28 12:23:45 | DEBUG   | ldc | move_rel clicked
2026-01-28 12:23:45 | DEBUG   | ldc | move info: 0.0 , 3.2
2026-01-28 12:23:45 | DEBUG   | ldc | move_rel clicked
2026-01-28 12:23:45 | DEBUG   | ldc | move info: 0.0 , 3.2
2026-01-28 12:23:45 | DEBUG   | ldc | move_rel clicked
2026-01-28 12:23:45 | DEBUG   | ldc | move info: -1.066666666666606 , 3.2
2026-01-28 12:23:45 | DEBUG   | ldc | move_rel clicked
2026-01-28 12:23:45 | DEBUG   | ldc | move info: -1.066666666666697 , 2.666666666666606
2026-01-28 12:23:45 | DEBUG   | ldc | move_rel clicked
2026-01-28 12:23:45 | DEBUG   | ldc | move info: -0.533333333333303 , 1.6
2026-01-28 12:23:45 | DEBUG   | ldc | move_rel clicked
2026-01-28 12:23:45 | DEBUG   | ldc | move info: -0.5333333333333939 , 1.066666666666606
2026-01-28 12:23:45 | DEBUG   | ldc | move_rel clicked
2026-01-28 12:23:45 | DEBUG   | ldc | move info: 0.0 , 1.0666666666667879
2026-01-28 12:23:45 | DEBUG   | ldc | move_rel clicked
2026-01-28 12:23:45 | DEBUG   | ldc | move info: -0.533333333333303 , 0.0
2026-01-28 12:23:45 | DEBUG   | ldc | move_rel clicked
2026-01-28 12:23:45 | DEBUG   | ldc | move info: 0.0 , -0.5333333333333939
2026-01-28 12:23:45 | DEBUG   | ldc | move_rel clicked
2026-01-28 12:23:45 | DEBUG   | ldc | move info: 0.0 , -3.2
2026-01-28 12:23:45 | DEBUG   | ldc | move_rel clicked
2026-01-28 12:23:45 | DEBUG   | ldc | move info: 0.0 , -4.266666666666606
2026-01-28 12:23:45 | DEBUG   | ldc | move_rel clicked
2026-01-28 12:23:45 | DEBUG   | ldc | move info: 0.0 , -6.933333333333394
2026-01-28 12:23:45 | DEBUG   | ldc | move_rel clicked
2026-01-28 12:23:45 | DEBUG   | ldc | move info: 0.0 , -8.533333333333394
2026-01-28 12:23:45 | DEBUG   | ldc | move_rel clicked
2026-01-28 12:23:45 | DEBUG   | ldc | move info: 0.0 , -11.200000000000001
2026-01-28 12:23:45 | DEBUG   | ldc | move_rel clicked
2026-01-28 12:23:45 | DEBUG   | ldc | move info: 2.133333333333303 , -12.266666666666607
2026-01-28 12:23:45 | DEBUG   | ldc | move_rel clicked
2026-01-28 12:23:45 | DEBUG   | ldc | move info: 1.6 , -12.8
2026-01-28 12:23:45 | DEBUG   | ldc | move_rel clicked
2026-01-28 12:23:45 | DEBUG   | ldc | move info: 0.5333333333333939 , -13.866666666666607
2026-01-28 12:23:45 | DEBUG   | ldc | move_rel clicked
2026-01-28 12:23:45 | DEBUG   | ldc | move info: 0.0 , -12.8
2026-01-28 12:23:45 | DEBUG   | ldc | move_rel clicked
2026-01-28 12:23:45 | DEBUG   | ldc | move info: 0.0 , -9.066666666666789
2026-01-28 12:23:45 | DEBUG   | ldc | move_rel clicked
2026-01-28 12:23:45 | DEBUG   | ldc | move info: 0.0 , -3.733333333333212
2026-01-28 12:23:45 | DEBUG   | ldc | move_rel clicked
2026-01-28 12:23:45 | DEBUG   | ldc | move info: -0.5333333333333939 , -0.5333333333333939
2026-01-28 12:23:45 | DEBUG   | ldc | move_rel clicked
2026-01-28 12:23:45 | DEBUG   | ldc | move info: -1.066666666666606 , 0.5333333333333939
2026-01-28 12:23:45 | DEBUG   | ldc | move_rel clicked
2026-01-28 12:23:45 | DEBUG   | ldc | move info: -1.6 , 4.266666666666606
2026-01-28 12:23:45 | DEBUG   | ldc | move_rel clicked
2026-01-28 12:23:45 | DEBUG   | ldc | move info: -2.666666666666697 , 8.533333333333394
2026-01-28 12:23:45 | DEBUG   | ldc | move_rel clicked
2026-01-28 12:23:45 | DEBUG   | ldc | move info: -4.800000000000001 , 14.4
2026-01-28 12:23:45 | DEBUG   | ldc | move_rel clicked
2026-01-28 12:23:45 | DEBUG   | ldc | move info: -4.266666666666697 , 19.733333333333213
2026-01-28 12:23:45 | DEBUG   | ldc | move_rel clicked
2026-01-28 12:23:45 | DEBUG   | ldc | move info: -3.733333333333303 , 18.66666666666679
2026-01-28 12:23:45 | DEBUG   | ldc | move_rel clicked
2026-01-28 12:23:45 | DEBUG   | ldc | move info: -2.133333333333303 , 15.466666666666606
2026-01-28 12:23:45 | DEBUG   | ldc | move_rel clicked
2026-01-28 12:23:45 | DEBUG   | ldc | move info: -1.066666666666697 , 11.733333333333395
2026-01-28 12:23:45 | DEBUG   | ldc | move_rel clicked
2026-01-28 12:23:45 | DEBUG   | ldc | move info: 0.0 , 8.0
2026-01-28 12:23:45 | DEBUG   | ldc | move_rel clicked
2026-01-28 12:23:45 | DEBUG   | ldc | move info: 0.0 , 6.4
2026-01-28 12:23:45 | DEBUG   | ldc | move_rel clicked
2026-01-28 12:23:45 | DEBUG   | ldc | move info: 0.0 , 3.733333333333212
2026-01-28 12:23:45 | DEBUG   | ldc | move_rel clicked
2026-01-28 12:23:45 | DEBUG   | ldc | move info: 0.0 , 4.266666666666788
2026-01-28 12:23:45 | DEBUG   | ldc | move_rel clicked
2026-01-28 12:23:45 | DEBUG   | ldc | move info: 0.0 , 3.2
2026-01-28 12:23:45 | DEBUG   | ldc | move_rel clicked
2026-01-28 12:23:45 | DEBUG   | ldc | move info: 1.066666666666697 , 3.2
2026-01-28 12:23:45 | DEBUG   | ldc | move_rel clicked
2026-01-28 12:23:45 | DEBUG   | ldc | move info: 0.533333333333303 , 2.666666666666606
2026-01-28 12:23:45 | DEBUG   | ldc | move_rel clicked
2026-01-28 12:23:45 | DEBUG   | ldc | move info: 1.066666666666697 , 2.666666666666606
2026-01-28 12:23:45 | DEBUG   | ldc | move_rel clicked
2026-01-28 12:23:45 | DEBUG   | ldc | move info: 1.066666666666606 , 3.7333333333333942
2026-01-28 12:23:45 | DEBUG   | ldc | move_rel clicked
2026-01-28 12:23:45 | DEBUG   | ldc | move info: 1.066666666666697 , 3.2
2026-01-28 12:23:46 | DEBUG   | ldc | move_rel clicked
2026-01-28 12:23:46 | DEBUG   | ldc | move info: 0.0 , 3.2
2026-01-28 12:23:46 | DEBUG   | ldc | move_rel clicked
2026-01-28 12:23:46 | DEBUG   | ldc | move info: 1.066666666666697 , 3.7333333333333942
2026-01-28 12:23:46 | DEBUG   | ldc | move_rel clicked
2026-01-28 12:23:46 | DEBUG   | ldc | move info: 0.533333333333303 , 3.733333333333212
2026-01-28 12:23:46 | DEBUG   | ldc | move_rel clicked
2026-01-28 12:23:46 | DEBUG   | ldc | move info: 0.533333333333303 , 4.266666666666788
2026-01-28 12:23:46 | DEBUG   | ldc | move_rel clicked
2026-01-28 12:23:46 | DEBUG   | ldc | move info: 1.066666666666697 , 5.333333333333212
2026-01-28 12:23:46 | DEBUG   | ldc | move_rel clicked
2026-01-28 12:23:46 | DEBUG   | ldc | move info: 0.0 , 4.800000000000001
2026-01-28 12:23:46 | DEBUG   | ldc | move_rel clicked
2026-01-28 12:23:46 | DEBUG   | ldc | move info: 0.533333333333303 , 5.333333333333394
2026-01-28 12:23:46 | DEBUG   | ldc | move_rel clicked
2026-01-28 12:23:46 | DEBUG   | ldc | move info: 0.5333333333333939 , 5.333333333333394
2026-01-28 12:23:46 | DEBUG   | ldc | move_rel clicked
2026-01-28 12:23:46 | DEBUG   | ldc | move info: 0.0 , 5.333333333333212
2026-01-28 12:23:46 | DEBUG   | ldc | move_rel clicked
2026-01-28 12:23:46 | DEBUG   | ldc | move info: 0.533333333333303 , 6.4
2026-01-28 12:23:46 | DEBUG   | ldc | move_rel clicked
2026-01-28 12:23:46 | DEBUG   | ldc | move info: 0.533333333333303 , 5.866666666666788
2026-01-28 12:23:46 | DEBUG   | ldc | move_rel clicked
2026-01-28 12:23:46 | DEBUG   | ldc | move info: 0.5333333333333939 , 6.4
2026-01-28 12:23:46 | DEBUG   | ldc | move_rel clicked
2026-01-28 12:23:46 | DEBUG   | ldc | move info: 0.533333333333303 , 5.333333333333212
2026-01-28 12:23:46 | DEBUG   | ldc | move_rel clicked
2026-01-28 12:23:46 | DEBUG   | ldc | move info: 0.0 , 4.800000000000001
2026-01-28 12:23:46 | DEBUG   | ldc | move_rel clicked
2026-01-28 12:23:46 | DEBUG   | ldc | move info: 0.0 , 3.2
2026-01-28 12:23:46 | DEBUG   | ldc | move_rel clicked
2026-01-28 12:23:46 | DEBUG   | ldc | move info: 0.0 , 1.0666666666667879
2026-01-28 12:23:46 | DEBUG   | ldc | move_rel clicked
2026-01-28 12:23:46 | DEBUG   | ldc | move info: 0.533333333333303 , 11.733333333333395
2026-01-28 12:23:46 | DEBUG   | ldc | move_rel clicked
2026-01-28 12:23:46 | DEBUG   | ldc | move info: 0.0 , 0.0
2026-01-28 12:23:46 | DEBUG   | ldc | move_rel clicked
2026-01-28 12:23:46 | DEBUG   | ldc | move info: -0.533333333333303 , 10.666666666666607
2026-01-28 12:23:46 | DEBUG   | ldc | move_rel clicked
2026-01-28 12:23:46 | DEBUG   | ldc | move info: 0.0 , 3.7333333333333942
2026-01-28 12:23:46 | DEBUG   | ldc | move_rel clicked
2026-01-28 12:23:46 | DEBUG   | ldc | move info: 0.0 , 10.133333333333212
2026-01-28 12:23:46 | DEBUG   | ldc | move_rel clicked
2026-01-28 12:23:46 | DEBUG   | ldc | move info: 0.0 , 15.46666666666679
2026-01-28 12:23:46 | DEBUG   | ldc | move_rel clicked
2026-01-28 12:23:46 | DEBUG   | ldc | move info: 0.0 , 14.933333333333213
2026-01-28 12:23:46 | DEBUG   | ldc | move_rel clicked
2026-01-28 12:23:46 | DEBUG   | ldc | move info: 0.533333333333303 , 13.333333333333394
2026-01-28 12:23:46 | DEBUG   | ldc | move_rel clicked
2026-01-28 12:23:46 | DEBUG   | ldc | move info: 1.066666666666697 , 11.733333333333395
2026-01-28 12:23:46 | DEBUG   | ldc | move_rel clicked
2026-01-28 12:23:46 | DEBUG   | ldc | move info: 0.533333333333303 , 9.600000000000001
2026-01-28 12:23:46 | DEBUG   | ldc | move_rel clicked
2026-01-28 12:23:46 | DEBUG   | ldc | move info: 1.066666666666697 , 7.466666666666606
2026-01-28 12:23:46 | DEBUG   | ldc | move_rel clicked
2026-01-28 12:23:46 | DEBUG   | ldc | move info: 1.6 , 5.333333333333394
2026-01-28 12:23:46 | DEBUG   | ldc | move_rel clicked
2026-01-28 12:23:46 | DEBUG   | ldc | move info: 1.066666666666697 , 3.733333333333212
2026-01-28 12:23:46 | DEBUG   | ldc | move_rel clicked
2026-01-28 12:23:46 | DEBUG   | ldc | move info: 1.066666666666606 , 1.0666666666667879
2026-01-28 12:23:46 | DEBUG   | ldc | move_rel clicked
2026-01-28 12:23:46 | DEBUG   | ldc | move info: 1.066666666666697 , 1.6
2026-01-28 12:23:46 | DEBUG   | ldc | move_rel clicked
2026-01-28 12:23:46 | DEBUG   | ldc | move info: 0.533333333333303 , 1.6
2026-01-28 12:23:46 | DEBUG   | ldc | move_rel clicked
2026-01-28 12:23:46 | DEBUG   | ldc | move info: 0.5333333333333939 , 1.6
2026-01-28 12:23:46 | DEBUG   | ldc | move_rel clicked
2026-01-28 12:23:46 | DEBUG   | ldc | move info: 0.533333333333303 , 1.6
2026-01-28 12:23:46 | DEBUG   | ldc | move_rel clicked
2026-01-28 12:23:46 | DEBUG   | ldc | move info: 0.533333333333303 , 2.666666666666606
2026-01-28 12:23:46 | DEBUG   | ldc | move_rel clicked
2026-01-28 12:23:46 | DEBUG   | ldc | move info: 1.066666666666697 , 2.666666666666606
2026-01-28 12:23:46 | DEBUG   | ldc | move_rel clicked
2026-01-28 12:23:46 | DEBUG   | ldc | move info: 1.066666666666697 , 4.266666666666788
2026-01-28 12:23:46 | DEBUG   | ldc | move_rel clicked
2026-01-28 12:23:46 | DEBUG   | ldc | move info: 1.066666666666606 , 4.266666666666606
2026-01-28 12:23:46 | DEBUG   | ldc | move_rel clicked
2026-01-28 12:23:46 | DEBUG   | ldc | move info: 0.5333333333333939 , 3.7333333333333942
2026-01-28 12:23:46 | DEBUG   | ldc | move_rel clicked
2026-01-28 12:23:46 | DEBUG   | ldc | move info: 1.066666666666606 , 3.733333333333212
2026-01-28 12:23:46 | DEBUG   | ldc | move_rel clicked
2026-01-28 12:23:46 | DEBUG   | ldc | move info: 0.0 , 2.666666666666788
2026-01-28 12:23:46 | DEBUG   | ldc | move_rel clicked
2026-01-28 12:23:46 | DEBUG   | ldc | move info: 0.0 , 2.666666666666606
2026-01-28 12:23:47 | DEBUG   | ldc | move_rel clicked
2026-01-28 12:23:47 | DEBUG   | ldc | move info: 0.5333333333333939 , 2.133333333333394
2026-01-28 12:23:47 | DEBUG   | ldc | move_rel clicked
2026-01-28 12:23:47 | DEBUG   | ldc | move info: 0.0 , 1.066666666666606
2026-01-28 12:23:47 | DEBUG   | ldc | move_rel clicked
2026-01-28 12:23:47 | DEBUG   | ldc | move info: 0.0 , 1.066666666666606
2026-01-28 12:23:47 | DEBUG   | ldc | move_rel clicked
2026-01-28 12:23:47 | DEBUG   | ldc | move info: 0.0 , 0.5333333333333939
2026-01-28 12:23:47 | DEBUG   | ldc | move_rel clicked
2026-01-28 12:23:47 | DEBUG   | ldc | move info: 0.0 , 0.5333333333333939
2026-01-28 12:23:47 | DEBUG   | ldc | move_rel clicked
2026-01-28 12:23:47 | DEBUG   | ldc | move info: 0.0 , 0.5333333333332121
2026-01-28 12:23:47 | DEBUG   | ldc | move_rel clicked
2026-01-28 12:23:47 | DEBUG   | ldc | move info: 0.0 , 1.0666666666667879
2026-01-28 12:23:47 | DEBUG   | ldc | move_rel clicked
2026-01-28 12:23:47 | DEBUG   | ldc | move info: 0.0 , 1.066666666666606
2026-01-28 12:23:47 | DEBUG   | ldc | move_rel clicked
2026-01-28 12:23:47 | DEBUG   | ldc | move info: 0.0 , 2.666666666666606
2026-01-28 12:23:47 | DEBUG   | ldc | move_rel clicked
2026-01-28 12:23:47 | DEBUG   | ldc | move info: 0.0 , 2.666666666666788
2026-01-28 12:23:47 | DEBUG   | ldc | move_rel clicked
2026-01-28 12:23:47 | DEBUG   | ldc | move info: 0.0 , 2.666666666666606
2026-01-28 12:23:47 | DEBUG   | ldc | move_rel clicked
2026-01-28 12:23:47 | DEBUG   | ldc | move info: 0.0 , 3.2
2026-01-28 12:23:47 | DEBUG   | ldc | move_rel clicked
2026-01-28 12:23:47 | DEBUG   | ldc | move info: 0.0 , 2.133333333333394
2026-01-28 12:23:47 | DEBUG   | ldc | move_rel clicked
2026-01-28 12:23:47 | DEBUG   | ldc | move info: 0.0 , 2.133333333333212
2026-01-28 12:23:47 | DEBUG   | ldc | move_rel clicked
2026-01-28 12:23:47 | DEBUG   | ldc | move info: 0.0 , 1.0666666666667879
2026-01-28 12:23:47 | DEBUG   | ldc | move_rel clicked
2026-01-28 12:23:47 | DEBUG   | ldc | move info: 0.0 , 1.066666666666606
2026-01-28 12:23:47 | DEBUG   | ldc | move_rel clicked
2026-01-28 12:23:47 | DEBUG   | ldc | move info: 0.0 , 1.066666666666606
2026-01-28 12:23:47 | DEBUG   | ldc | move_rel clicked
2026-01-28 12:23:47 | DEBUG   | ldc | move info: 0.0 , 0.5333333333333939
2026-01-28 12:23:47 | DEBUG   | ldc | move_rel clicked
2026-01-28 12:23:47 | DEBUG   | ldc | move info: 0.0 , 0.5333333333333939
2026-01-28 12:23:47 | DEBUG   | ldc | move_rel clicked
2026-01-28 12:23:47 | DEBUG   | ldc | move info: 0.0 , 2.133333333333212
2026-01-28 12:23:47 | DEBUG   | ldc | move_rel clicked
2026-01-28 12:23:47 | DEBUG   | ldc | move info: 0.0 , 3.2
2026-01-28 12:23:47 | DEBUG   | ldc | move_rel clicked
2026-01-28 12:23:47 | DEBUG   | ldc | move info: 0.0 , 4.266666666666788
2026-01-28 12:23:47 | DEBUG   | ldc | move_rel clicked
2026-01-28 12:23:47 | DEBUG   | ldc | move info: 0.0 , 3.2
2026-01-28 12:23:47 | DEBUG   | ldc | move_rel clicked
2026-01-28 12:23:47 | DEBUG   | ldc | move info: 0.0 , 3.733333333333212
2026-01-28 12:23:47 | DEBUG   | ldc | move_rel clicked
2026-01-28 12:23:47 | DEBUG   | ldc | move info: 0.0 , 3.7333333333333942
2026-01-28 12:23:47 | DEBUG   | ldc | move_rel clicked
2026-01-28 12:23:47 | DEBUG   | ldc | move info: -0.5333333333333939 , 3.2
2026-01-28 12:23:47 | DEBUG   | ldc | move_rel clicked
2026-01-28 12:23:47 | DEBUG   | ldc | move info: -0.533333333333303 , 2.666666666666606
2026-01-28 12:23:47 | DEBUG   | ldc | move_rel clicked
2026-01-28 12:23:47 | DEBUG   | ldc | move info: -1.066666666666697 , 2.666666666666788
2026-01-28 12:23:47 | DEBUG   | ldc | move_rel clicked
2026-01-28 12:23:47 | DEBUG   | ldc | move info: -0.533333333333303 , 2.666666666666606
2026-01-28 12:23:47 | DEBUG   | ldc | move_rel clicked
2026-01-28 12:23:47 | DEBUG   | ldc | move info: -0.533333333333303 , 2.133333333333394
2026-01-28 12:23:47 | DEBUG   | ldc | move_rel clicked
2026-01-28 12:23:47 | DEBUG   | ldc | move info: -0.5333333333333939 , 2.666666666666606
2026-01-28 12:23:47 | DEBUG   | ldc | move_rel clicked
2026-01-28 12:23:47 | DEBUG   | ldc | move info: -1.066666666666606 , 1.6
2026-01-28 12:23:47 | DEBUG   | ldc | move_rel clicked
2026-01-28 12:23:47 | DEBUG   | ldc | move info: -0.5333333333333939 , 2.133333333333394
2026-01-28 12:23:47 | DEBUG   | ldc | move_rel clicked
2026-01-28 12:23:47 | DEBUG   | ldc | move info: -1.066666666666606 , 2.666666666666606
2026-01-28 12:23:47 | DEBUG   | ldc | move_rel clicked
2026-01-28 12:23:47 | DEBUG   | ldc | move info: -0.5333333333333939 , 2.133333333333394
2026-01-28 12:23:47 | DEBUG   | ldc | move_rel clicked
2026-01-28 12:23:47 | DEBUG   | ldc | move info: -0.533333333333303 , 1.6
2026-01-28 12:23:47 | DEBUG   | ldc | move_rel clicked
2026-01-28 12:23:47 | DEBUG   | ldc | move info: -0.533333333333303 , 1.066666666666606
2026-01-28 12:23:47 | DEBUG   | ldc | move_rel clicked
2026-01-28 12:23:47 | DEBUG   | ldc | move info: 0.0 , 1.066666666666606
2026-01-28 12:23:47 | DEBUG   | ldc | move_rel clicked
2026-01-28 12:23:47 | DEBUG   | ldc | move info: -0.5333333333333939 , 0.0
2026-01-28 12:23:47 | DEBUG   | ldc | move_rel clicked
2026-01-28 12:23:47 | DEBUG   | ldc | move info: 0.0 , -0.5333333333332121
2026-01-28 12:23:47 | DEBUG   | ldc | move_rel clicked
2026-01-28 12:23:47 | DEBUG   | ldc | move info: 0.0 , -1.6
2026-01-28 12:23:47 | DEBUG   | ldc | move_rel clicked
2026-01-28 12:23:47 | DEBUG   | ldc | move info: 0.0 , -3.7333333333333942
2026-01-28 12:23:47 | DEBUG   | ldc | move_rel clicked
2026-01-28 12:23:47 | DEBUG   | ldc | move info: 0.0 , -5.333333333333394
2026-01-28 12:23:47 | DEBUG   | ldc | move_rel clicked
2026-01-28 12:23:47 | DEBUG   | ldc | move info: 0.0 , -7.466666666666606
2026-01-28 12:23:47 | DEBUG   | ldc | move_rel clicked
2026-01-28 12:23:47 | DEBUG   | ldc | move info: 0.0 , -10.666666666666607
2026-01-28 12:23:47 | DEBUG   | ldc | move_rel clicked
2026-01-28 12:23:47 | DEBUG   | ldc | move info: 1.066666666666697 , -13.866666666666788
2026-01-28 12:23:47 | DEBUG   | ldc | move_rel clicked
2026-01-28 12:23:47 | DEBUG   | ldc | move info: 2.133333333333303 , -14.933333333333213
2026-01-28 12:23:47 | DEBUG   | ldc | move_rel clicked
2026-01-28 12:23:47 | DEBUG   | ldc | move info: 1.6 , -13.866666666666788
2026-01-28 12:23:47 | DEBUG   | ldc | move_rel clicked
2026-01-28 12:23:47 | DEBUG   | ldc | move info: 0.5333333333333939 , -13.333333333333213
2026-01-28 12:23:47 | DEBUG   | ldc | move_rel clicked
2026-01-28 12:23:47 | DEBUG   | ldc | move info: 0.0 , -12.266666666666788
2026-01-28 12:23:47 | DEBUG   | ldc | move_rel clicked
2026-01-28 12:23:47 | DEBUG   | ldc | move info: 0.533333333333303 , -10.666666666666607
2026-01-28 12:23:47 | DEBUG   | ldc | move_rel clicked
2026-01-28 12:23:47 | DEBUG   | ldc | move info: 0.533333333333303 , -9.066666666666606
2026-01-28 12:23:48 | DEBUG   | ldc | move_rel clicked
2026-01-28 12:23:48 | DEBUG   | ldc | move info: 0.0 , -8.0
2026-01-28 12:23:48 | DEBUG   | ldc | move_rel clicked
2026-01-28 12:23:48 | DEBUG   | ldc | move info: 0.0 , -6.933333333333394
2026-01-28 12:23:48 | DEBUG   | ldc | move_rel clicked
2026-01-28 12:23:48 | DEBUG   | ldc | move info: 0.0 , -4.266666666666606
2026-01-28 12:23:48 | DEBUG   | ldc | move_rel clicked
2026-01-28 12:23:48 | DEBUG   | ldc | move info: 0.0 , -4.800000000000001
2026-01-28 12:23:48 | DEBUG   | ldc | move_rel clicked
2026-01-28 12:23:48 | DEBUG   | ldc | move info: 0.0 , -4.266666666666788
2026-01-28 12:23:48 | DEBUG   | ldc | move_rel clicked
2026-01-28 12:23:48 | DEBUG   | ldc | move info: 0.0 , -3.2
2026-01-28 12:23:48 | DEBUG   | ldc | move_rel clicked
2026-01-28 12:23:48 | DEBUG   | ldc | move info: 0.0 , -4.266666666666606
2026-01-28 12:23:48 | DEBUG   | ldc | move_rel clicked
2026-01-28 12:23:48 | DEBUG   | ldc | move info: 0.0 , -4.266666666666606
2026-01-28 12:23:48 | DEBUG   | ldc | move_rel clicked
2026-01-28 12:23:48 | DEBUG   | ldc | move info: 0.0 , -4.800000000000001
2026-01-28 12:23:48 | DEBUG   | ldc | move_rel clicked
2026-01-28 12:23:48 | DEBUG   | ldc | move info: 0.0 , -5.333333333333394
2026-01-28 12:23:48 | DEBUG   | ldc | move_rel clicked
2026-01-28 12:23:48 | DEBUG   | ldc | move info: 0.0 , -5.333333333333394
2026-01-28 12:23:48 | DEBUG   | ldc | move_rel clicked
2026-01-28 12:23:48 | DEBUG   | ldc | move info: 0.0 , -6.933333333333213
2026-01-28 12:23:48 | DEBUG   | ldc | move_rel clicked
2026-01-28 12:23:48 | DEBUG   | ldc | move info: 0.0 , -5.866666666666788
2026-01-28 12:23:48 | DEBUG   | ldc | move_rel clicked
2026-01-28 12:23:48 | DEBUG   | ldc | move info: 0.0 , -6.933333333333213
2026-01-28 12:23:48 | DEBUG   | ldc | move_rel clicked
2026-01-28 12:23:48 | DEBUG   | ldc | move info: 0.0 , -6.4
2026-01-28 12:23:48 | DEBUG   | ldc | move_rel clicked
2026-01-28 12:23:48 | DEBUG   | ldc | move info: 0.0 , -6.933333333333394
2026-01-28 12:23:48 | DEBUG   | ldc | move_rel clicked
2026-01-28 12:23:48 | DEBUG   | ldc | move info: 0.0 , -6.933333333333394
2026-01-28 12:23:48 | DEBUG   | ldc | move_rel clicked
2026-01-28 12:23:48 | DEBUG   | ldc | move info: 0.0 , -8.0
2026-01-28 12:23:48 | DEBUG   | ldc | move_rel clicked
2026-01-28 12:23:48 | DEBUG   | ldc | move info: 0.0 , -8.0
2026-01-28 12:23:48 | DEBUG   | ldc | move_rel clicked
2026-01-28 12:23:48 | DEBUG   | ldc | move info: 0.0 , -8.0
2026-01-28 12:23:48 | DEBUG   | ldc | move_rel clicked
2026-01-28 12:23:48 | DEBUG   | ldc | move info: 0.0 , -8.0
2026-01-28 12:23:48 | DEBUG   | ldc | move_rel clicked
2026-01-28 12:23:48 | DEBUG   | ldc | move info: 0.0 , -6.4
2026-01-28 12:23:48 | DEBUG   | ldc | move_rel clicked
2026-01-28 12:23:48 | DEBUG   | ldc | move info: 1.6 , -6.4
2026-01-28 12:23:48 | DEBUG   | ldc | move_rel clicked
2026-01-28 12:23:48 | DEBUG   | ldc | move info: 0.5333333333333939 , -3.2
2026-01-28 12:23:48 | DEBUG   | ldc | move_rel clicked
2026-01-28 12:23:48 | DEBUG   | ldc | move info: 1.066666666666606 , -3.2
2026-01-28 12:23:48 | DEBUG   | ldc | move_rel clicked
2026-01-28 12:23:48 | DEBUG   | ldc | move info: 0.5333333333333939 , -1.6
2026-01-28 12:23:48 | DEBUG   | ldc | move_rel clicked
2026-01-28 12:23:48 | DEBUG   | ldc | move info: 1.066666666666606 , -1.066666666666606
2026-01-28 12:23:48 | DEBUG   | ldc | move_rel clicked
2026-01-28 12:23:48 | DEBUG   | ldc | move info: 0.0 , -1.066666666666606
2026-01-28 12:23:48 | DEBUG   | ldc | move_rel clicked
2026-01-28 12:23:48 | DEBUG   | ldc | move info: 0.5333333333333939 , -1.0666666666667879
2026-01-28 12:23:48 | DEBUG   | ldc | move_rel clicked
2026-01-28 12:23:48 | DEBUG   | ldc | move info: 0.533333333333303 , -1.066666666666606
2026-01-28 12:23:48 | DEBUG   | ldc | move_rel clicked
2026-01-28 12:23:48 | DEBUG   | ldc | move info: 0.533333333333303 , -1.066666666666606
2026-01-28 12:23:48 | DEBUG   | ldc | move_rel clicked
2026-01-28 12:23:48 | DEBUG   | ldc | move info: 0.5333333333333939 , -1.0666666666667879
2026-01-28 12:23:48 | DEBUG   | ldc | move_rel clicked
2026-01-28 12:23:48 | DEBUG   | ldc | move info: 0.533333333333303 , -1.066666666666606
2026-01-28 12:23:48 | DEBUG   | ldc | move_rel clicked
2026-01-28 12:23:48 | DEBUG   | ldc | move info: 0.0 , -1.066666666666606
2026-01-28 12:23:48 | DEBUG   | ldc | move_rel clicked
2026-01-28 12:23:48 | DEBUG   | ldc | move info: 0.533333333333303 , -1.6
2026-01-28 12:23:48 | DEBUG   | ldc | move_rel clicked
2026-01-28 12:23:48 | DEBUG   | ldc | move info: 0.0 , -1.6
2026-01-28 12:23:48 | DEBUG   | ldc | move_rel clicked
2026-01-28 12:23:48 | DEBUG   | ldc | move info: 0.5333333333333939 , -2.133333333333394
2026-01-28 12:23:48 | DEBUG   | ldc | move_rel clicked
2026-01-28 12:23:48 | DEBUG   | ldc | move info: 0.533333333333303 , -2.133333333333394
2026-01-28 12:23:48 | DEBUG   | ldc | move_rel clicked
2026-01-28 12:23:48 | DEBUG   | ldc | move info: 0.533333333333303 , -1.6
2026-01-28 12:23:48 | DEBUG   | ldc | move_rel clicked
2026-01-28 12:23:48 | DEBUG   | ldc | move info: 0.5333333333333939 , -3.2
2026-01-28 12:23:48 | DEBUG   | ldc | move_rel clicked
2026-01-28 12:23:48 | DEBUG   | ldc | move info: 1.066666666666606 , -3.733333333333212
2026-01-28 12:23:48 | DEBUG   | ldc | move_rel clicked
2026-01-28 12:23:48 | DEBUG   | ldc | move info: 1.066666666666697 , -4.800000000000001
2026-01-28 12:23:48 | DEBUG   | ldc | move_rel clicked
2026-01-28 12:23:48 | DEBUG   | ldc | move info: 1.066666666666697 , -4.266666666666788
2026-01-28 12:23:48 | DEBUG   | ldc | move_rel clicked
2026-01-28 12:23:48 | DEBUG   | ldc | move info: 0.533333333333303 , -4.800000000000001
2026-01-28 12:23:48 | DEBUG   | ldc | move_rel clicked
2026-01-28 12:23:48 | DEBUG   | ldc | move info: 1.066666666666697 , -4.800000000000001
2026-01-28 12:23:48 | DEBUG   | ldc | move_rel clicked
2026-01-28 12:23:48 | DEBUG   | ldc | move info: 1.066666666666606 , -5.333333333333212
2026-01-28 12:23:48 | DEBUG   | ldc | move_rel clicked
2026-01-28 12:23:48 | DEBUG   | ldc | move info: 1.066666666666697 , -4.800000000000001
2026-01-28 12:23:48 | DEBUG   | ldc | move_rel clicked
2026-01-28 12:23:48 | DEBUG   | ldc | move info: 1.066666666666697 , -4.266666666666788
2026-01-28 12:23:48 | DEBUG   | ldc | move_rel clicked
2026-01-28 12:23:48 | DEBUG   | ldc | move info: 1.066666666666606 , -4.800000000000001
2026-01-28 12:23:48 | DEBUG   | ldc | move_rel clicked
2026-01-28 12:23:48 | DEBUG   | ldc | move info: 0.0 , -4.266666666666606
2026-01-28 12:23:48 | DEBUG   | ldc | move_rel clicked
2026-01-28 12:23:48 | DEBUG   | ldc | move info: 1.066666666666697 , -3.7333333333333942
2026-01-28 12:23:48 | DEBUG   | ldc | move_rel clicked
2026-01-28 12:23:48 | DEBUG   | ldc | move info: 0.533333333333303 , -4.266666666666606
2026-01-28 12:23:48 | DEBUG   | ldc | move_rel clicked
2026-01-28 12:23:48 | DEBUG   | ldc | move info: 0.5333333333333939 , -3.7333333333333942
2026-01-28 12:23:48 | DEBUG   | ldc | move_rel clicked
2026-01-28 12:23:48 | DEBUG   | ldc | move info: 0.533333333333303 , -3.2
2026-01-28 12:23:48 | DEBUG   | ldc | move_rel clicked
2026-01-28 12:23:48 | DEBUG   | ldc | move info: 1.066666666666697 , -3.2
2026-01-28 12:23:48 | DEBUG   | ldc | move_rel clicked
2026-01-28 12:23:48 | DEBUG   | ldc | move info: 0.0 , -2.666666666666606
2026-01-28 12:23:48 | DEBUG   | ldc | move_rel clicked
2026-01-28 12:23:48 | DEBUG   | ldc | move info: 0.533333333333303 , -2.133333333333394
2026-01-28 12:23:48 | DEBUG   | ldc | move_rel clicked
2026-01-28 12:23:48 | DEBUG   | ldc | move info: 0.533333333333303 , -1.066666666666606
2026-01-28 12:23:48 | DEBUG   | ldc | move_rel clicked
2026-01-28 12:23:48 | DEBUG   | ldc | move info: 0.5333333333333939 , 0.0
2026-01-28 12:23:48 | DEBUG   | ldc | move_rel clicked
2026-01-28 12:23:49 | DEBUG   | ldc | move info: 0.0 , 2.666666666666606
2026-01-28 12:23:49 | DEBUG   | ldc | move_rel clicked
2026-01-28 12:23:49 | DEBUG   | ldc | move info: 0.0 , 3.2
2026-01-28 12:23:49 | DEBUG   | ldc | move_rel clicked
2026-01-28 12:23:49 | DEBUG   | ldc | move info: 0.0 , 4.800000000000001
2026-01-28 12:23:49 | DEBUG   | ldc | move_rel clicked
2026-01-28 12:23:49 | DEBUG   | ldc | move info: 0.0 , 6.4
2026-01-28 12:23:49 | DEBUG   | ldc | move_rel clicked
2026-01-28 12:23:49 | DEBUG   | ldc | move info: 0.0 , 7.4666666666667885
2026-01-28 12:23:49 | DEBUG   | ldc | move_rel clicked
2026-01-28 12:23:49 | DEBUG   | ldc | move info: 0.0 , 8.0
2026-01-28 12:23:49 | DEBUG   | ldc | move_rel clicked
2026-01-28 12:23:49 | DEBUG   | ldc | move info: 0.0 , 5.866666666666607
2026-01-28 12:23:49 | DEBUG   | ldc | move_rel clicked
2026-01-28 12:23:49 | DEBUG   | ldc | move info: 0.0 , 4.800000000000001
2026-01-28 12:23:49 | DEBUG   | ldc | move_rel clicked
2026-01-28 12:23:49 | DEBUG   | ldc | move info: 0.0 , 3.7333333333333942
2026-01-28 12:23:49 | DEBUG   | ldc | move_rel clicked
2026-01-28 12:23:49 | DEBUG   | ldc | move info: 0.0 , 1.066666666666606
2026-01-28 12:23:49 | DEBUG   | ldc | move_rel clicked
2026-01-28 12:23:49 | DEBUG   | ldc | move info: 0.0 , 0.5333333333333939
2026-01-28 12:23:49 | DEBUG   | ldc | move_rel clicked
2026-01-28 12:23:49 | DEBUG   | ldc | move info: 0.0 , -0.5333333333333939
2026-01-28 12:23:49 | DEBUG   | ldc | move_rel clicked
2026-01-28 12:23:49 | DEBUG   | ldc | move info: 0.0 , -0.5333333333333939
2026-01-28 12:23:49 | DEBUG   | ldc | move_rel clicked
2026-01-28 12:23:49 | DEBUG   | ldc | move info: 0.0 , -0.5333333333332121
2026-01-28 12:23:49 | DEBUG   | ldc | move_rel clicked
2026-01-28 12:23:49 | DEBUG   | ldc | move info: 0.0 , -0.5333333333333939
2026-01-28 12:23:49 | DEBUG   | ldc | move_rel clicked
2026-01-28 12:23:49 | DEBUG   | ldc | click event type=click
2026-01-28 12:23:51 | DEBUG   | ldc | move info: -18.133333333333304 , 1.6
2026-01-28 12:23:51 | DEBUG   | ldc | move_rel clicked
2026-01-28 12:23:51 | DEBUG   | ldc | move info: 0.0 , 0.0
2026-01-28 12:23:51 | DEBUG   | ldc | move_rel clicked
2026-01-28 12:23:51 | DEBUG   | ldc | move info: -3.7333333333333942 , 0.0
2026-01-28 12:23:51 | DEBUG   | ldc | move_rel clicked
2026-01-28 12:23:51 | DEBUG   | ldc | move info: -14.933333333333303 , 2.133333333333394
2026-01-28 12:23:51 | DEBUG   | ldc | move_rel clicked
2026-01-28 12:23:51 | DEBUG   | ldc | move info: -22.933333333333305 , 10.133333333333212
2026-01-28 12:23:51 | DEBUG   | ldc | move_rel clicked
2026-01-28 12:23:51 | DEBUG   | ldc | move info: -26.6666666666667 , 11.200000000000001
2026-01-28 12:23:51 | DEBUG   | ldc | move_rel clicked
2026-01-28 12:23:51 | DEBUG   | ldc | move info: -27.200000000000003 , 9.600000000000001
2026-01-28 12:23:51 | DEBUG   | ldc | move_rel clicked
2026-01-28 12:23:51 | DEBUG   | ldc | move info: -27.733333333333306 , 6.4
2026-01-28 12:23:51 | DEBUG   | ldc | move_rel clicked
2026-01-28 12:23:51 | DEBUG   | ldc | move info: -26.6666666666667 , 3.2
2026-01-28 12:23:51 | DEBUG   | ldc | move_rel clicked
2026-01-28 12:23:51 | DEBUG   | ldc | move info: -22.933333333333305 , 1.0666666666667879
2026-01-28 12:23:51 | DEBUG   | ldc | move_rel clicked
2026-01-28 12:23:51 | DEBUG   | ldc | move info: -17.0666666666667 , 0.0
2026-01-28 12:23:51 | DEBUG   | ldc | move_rel clicked
2026-01-28 12:23:51 | DEBUG   | ldc | move info: -14.4 , 1.066666666666606
2026-01-28 12:23:51 | DEBUG   | ldc | move_rel clicked
2026-01-28 12:23:51 | DEBUG   | ldc | move info: -13.333333333333304 , 1.066666666666606
2026-01-28 12:23:51 | DEBUG   | ldc | move_rel clicked
2026-01-28 12:23:51 | DEBUG   | ldc | move info: -13.33333333333335 , 1.6
2026-01-28 12:23:51 | DEBUG   | ldc | move_rel clicked
2026-01-28 12:23:51 | DEBUG   | ldc | move info: -15.466666666666653 , 1.6
2026-01-28 12:23:51 | DEBUG   | ldc | move_rel clicked
2026-01-28 12:23:51 | DEBUG   | ldc | move info: -16.0 , 0.5333333333333939
2026-01-28 12:23:51 | DEBUG   | ldc | move_rel clicked
2026-01-28 12:23:51 | DEBUG   | ldc | move info: -16.53333333333335 , -0.5333333333333939
2026-01-28 12:23:51 | DEBUG   | ldc | move_rel clicked
2026-01-28 12:23:51 | DEBUG   | ldc | move info: -14.93333333333335 , 0.0
2026-01-28 12:23:51 | DEBUG   | ldc | move_rel clicked
2026-01-28 12:23:51 | DEBUG   | ldc | move info: -12.8 , 0.0
2026-01-28 12:23:51 | DEBUG   | ldc | move_rel clicked
2026-01-28 12:23:51 | DEBUG   | ldc | move info: -10.133333333333304 , 0.0
2026-01-28 12:23:51 | DEBUG   | ldc | move_rel clicked
2026-01-28 12:23:51 | DEBUG   | ldc | move info: -8.0 , 0.0
2026-01-28 12:23:51 | DEBUG   | ldc | move_rel clicked
2026-01-28 12:23:51 | DEBUG   | ldc | move info: -8.0 , 0.5333333333333939
2026-01-28 12:23:51 | DEBUG   | ldc | move_rel clicked
2026-01-28 12:23:51 | DEBUG   | ldc | move info: -7.466666666666675 , 2.133333333333394
2026-01-28 12:23:51 | DEBUG   | ldc | move_rel clicked
2026-01-28 12:23:51 | DEBUG   | ldc | move info: -8.533333333333326 , 3.2
2026-01-28 12:23:51 | DEBUG   | ldc | move_rel clicked
2026-01-28 12:23:51 | DEBUG   | ldc | move info: -9.600000000000001 , 3.2
2026-01-28 12:23:51 | DEBUG   | ldc | move_rel clicked
2026-01-28 12:23:51 | DEBUG   | ldc | move info: -10.133333333333349 , 3.2
2026-01-28 12:23:51 | DEBUG   | ldc | move_rel clicked
2026-01-28 12:23:51 | DEBUG   | ldc | move info: -9.600000000000001 , 1.6
2026-01-28 12:23:51 | DEBUG   | ldc | move_rel clicked
2026-01-28 12:23:51 | DEBUG   | ldc | move info: -9.600000000000001 , 2.133333333333212
2026-01-28 12:23:51 | DEBUG   | ldc | move_rel clicked
2026-01-28 12:23:51 | DEBUG   | ldc | move info: -8.533333333333326 , 2.133333333333394
2026-01-28 12:23:51 | DEBUG   | ldc | move_rel clicked
2026-01-28 12:23:51 | DEBUG   | ldc | move info: -6.9333333333333265 , 1.066666666666606
2026-01-28 12:23:51 | DEBUG   | ldc | move_rel clicked
2026-01-28 12:23:51 | DEBUG   | ldc | move info: -5.333333333333349 , 0.5333333333333939
2026-01-28 12:23:51 | DEBUG   | ldc | move_rel clicked
2026-01-28 12:23:51 | DEBUG   | ldc | move info: -1.0666666666666516 , 0.0
2026-01-28 12:23:51 | DEBUG   | ldc | move_rel clicked
2026-01-28 12:23:51 | DEBUG   | ldc | move info: -21.333333333333304 , 3.733333333333212
2026-01-28 12:23:51 | DEBUG   | ldc | move_rel clicked
2026-01-28 12:23:51 | DEBUG   | ldc | move info: 0.0 , 0.0
2026-01-28 12:23:51 | DEBUG   | ldc | move_rel clicked
2026-01-28 12:23:51 | DEBUG   | ldc | move info: -3.2 , -0.5333333333332121
2026-01-28 12:23:51 | DEBUG   | ldc | move_rel clicked
2026-01-28 12:23:51 | DEBUG   | ldc | move info: -13.333333333333304 , -0.5333333333333939
2026-01-28 12:23:51 | DEBUG   | ldc | move_rel clicked
2026-01-28 12:23:51 | DEBUG   | ldc | move info: -20.266666666666698 , -3.7333333333333942
2026-01-28 12:23:51 | DEBUG   | ldc | move_rel clicked
2026-01-28 12:23:51 | DEBUG   | ldc | move info: -19.200000000000003 , -2.133333333333212
2026-01-28 12:23:51 | DEBUG   | ldc | move_rel clicked
2026-01-28 12:23:51 | DEBUG   | ldc | move info: -17.6 , -0.5333333333333939
2026-01-28 12:23:51 | DEBUG   | ldc | move_rel clicked
2026-01-28 12:23:51 | DEBUG   | ldc | move info: -14.4 , 0.0
2026-01-28 12:23:51 | DEBUG   | ldc | move_rel clicked
2026-01-28 12:23:51 | DEBUG   | ldc | move info: -9.600000000000001 , 0.0
2026-01-28 12:23:51 | DEBUG   | ldc | move_rel clicked
2026-01-28 12:23:51 | DEBUG   | ldc | move info: -7.466666666666652 , 1.066666666666606
2026-01-28 12:23:51 | DEBUG   | ldc | move_rel clicked
2026-01-28 12:23:51 | DEBUG   | ldc | move info: -6.933333333333349 , 3.2
2026-01-28 12:23:51 | DEBUG   | ldc | move_rel clicked
2026-01-28 12:23:51 | DEBUG   | ldc | move info: -6.4 , 2.133333333333394
2026-01-28 12:23:51 | DEBUG   | ldc | move_rel clicked
2026-01-28 12:23:51 | DEBUG   | ldc | move info: -5.866666666666652 , 1.6
2026-01-28 12:23:51 | DEBUG   | ldc | move_rel clicked
2026-01-28 12:23:51 | DEBUG   | ldc | move info: -4.800000000000001 , 1.6
2026-01-28 12:23:52 | DEBUG   | ldc | move_rel clicked
2026-01-28 12:23:52 | DEBUG   | ldc | move info: -3.7333333333333485 , 2.133333333333394
2026-01-28 12:23:52 | DEBUG   | ldc | move_rel clicked
2026-01-28 12:23:52 | DEBUG   | ldc | move info: -3.733333333333303 , 2.666666666666606
2026-01-28 12:23:52 | DEBUG   | ldc | move_rel clicked
2026-01-28 12:23:52 | DEBUG   | ldc | move info: -2.666666666666697 , 2.666666666666606
2026-01-28 12:23:52 | DEBUG   | ldc | move_rel clicked
2026-01-28 12:23:52 | DEBUG   | ldc | move info: -2.133333333333303 , 2.666666666666788
2026-01-28 12:23:52 | DEBUG   | ldc | move_rel clicked
2026-01-28 12:23:52 | DEBUG   | ldc | move info: -2.1333333333333484 , 2.133333333333212
2026-01-28 12:23:52 | DEBUG   | ldc | move_rel clicked
2026-01-28 12:23:52 | DEBUG   | ldc | move info: -2.1333333333333484 , 3.2
2026-01-28 12:23:52 | DEBUG   | ldc | move_rel clicked
2026-01-28 12:23:52 | DEBUG   | ldc | move info: -1.0666666666666516 , 3.2
2026-01-28 12:23:52 | DEBUG   | ldc | move_rel clicked
2026-01-28 12:23:52 | DEBUG   | ldc | move info: -1.0666666666666516 , 2.666666666666788
2026-01-28 12:23:52 | DEBUG   | ldc | move_rel clicked
2026-01-28 12:23:52 | DEBUG   | ldc | move info: -1.066666666666697 , 3.2
2026-01-28 12:23:52 | DEBUG   | ldc | move_rel clicked
2026-01-28 12:23:52 | DEBUG   | ldc | move info: -0.533333333333303 , 3.2
2026-01-28 12:23:52 | DEBUG   | ldc | move_rel clicked
2026-01-28 12:23:52 | DEBUG   | ldc | move info: -1.066666666666697 , 3.2
2026-01-28 12:23:52 | DEBUG   | ldc | move_rel clicked
2026-01-28 12:23:52 | DEBUG   | ldc | move info: 0.0 , 3.2
2026-01-28 12:23:52 | DEBUG   | ldc | move_rel clicked
2026-01-28 12:23:52 | DEBUG   | ldc | move info: -0.533333333333303 , 2.666666666666606
2026-01-28 12:23:52 | DEBUG   | ldc | move_rel clicked
2026-01-28 12:23:52 | DEBUG   | ldc | move info: -0.5333333333333485 , 2.133333333333394
2026-01-28 12:23:52 | DEBUG   | ldc | move_rel clicked
2026-01-28 12:23:52 | DEBUG   | ldc | move info: 0.0 , 2.133333333333212
2026-01-28 12:23:52 | DEBUG   | ldc | move_rel clicked
2026-01-28 12:23:52 | DEBUG   | ldc | move info: 0.0 , 1.0666666666667879
2026-01-28 12:23:52 | DEBUG   | ldc | move_rel clicked
2026-01-28 12:23:52 | DEBUG   | ldc | move info: 0.0 , 1.066666666666606
2026-01-28 12:23:52 | DEBUG   | ldc | move_rel clicked
2026-01-28 12:23:52 | DEBUG   | ldc | move info: 0.0 , -0.5333333333333939
2026-01-28 12:23:52 | DEBUG   | ldc | move_rel clicked
2026-01-28 12:23:52 | DEBUG   | ldc | move info: -0.5333333333333485 , -4.266666666666606
2026-01-28 12:23:52 | DEBUG   | ldc | move_rel clicked
2026-01-28 12:23:52 | DEBUG   | ldc | move info: -1.6 , -5.866666666666607
2026-01-28 12:23:52 | DEBUG   | ldc | move_rel clicked
2026-01-28 12:23:52 | DEBUG   | ldc | move info: -3.2 , -7.4666666666667885
2026-01-28 12:23:52 | DEBUG   | ldc | move_rel clicked
2026-01-28 12:23:52 | DEBUG   | ldc | move info: -3.2 , -7.466666666666606
2026-01-28 12:23:52 | DEBUG   | ldc | move_rel clicked
2026-01-28 12:23:52 | DEBUG   | ldc | move info: -4.2666666666666515 , -8.0
2026-01-28 12:23:52 | DEBUG   | ldc | move_rel clicked
2026-01-28 12:23:52 | DEBUG   | ldc | move info: -3.7333333333333485 , -8.533333333333394
2026-01-28 12:23:52 | DEBUG   | ldc | move_rel clicked
2026-01-28 12:23:52 | DEBUG   | ldc | move info: -4.2666666666666515 , -8.533333333333212
2026-01-28 12:23:52 | DEBUG   | ldc | move_rel clicked
2026-01-28 12:23:52 | DEBUG   | ldc | move info: -3.7333333333333485 , -8.533333333333394
2026-01-28 12:23:52 | DEBUG   | ldc | move_rel clicked
2026-01-28 12:23:52 | DEBUG   | ldc | move info: -2.666666666666652 , -8.533333333333394
2026-01-28 12:23:52 | DEBUG   | ldc | move_rel clicked
2026-01-28 12:23:52 | DEBUG   | ldc | move info: -2.666666666666652 , -8.0
2026-01-28 12:23:52 | DEBUG   | ldc | move_rel clicked
2026-01-28 12:23:52 | DEBUG   | ldc | move info: -3.2 , -7.466666666666606
2026-01-28 12:23:52 | DEBUG   | ldc | move_rel clicked
2026-01-28 12:23:52 | DEBUG   | ldc | move info: -2.666666666666697 , -8.533333333333394
2026-01-28 12:23:52 | DEBUG   | ldc | move_rel clicked
2026-01-28 12:23:52 | DEBUG   | ldc | move info: -1.6 , -8.533333333333212
2026-01-28 12:23:52 | DEBUG   | ldc | move_rel clicked
2026-01-28 12:23:52 | DEBUG   | ldc | move info: -2.666666666666652 , -8.0
2026-01-28 12:23:52 | DEBUG   | ldc | move_rel clicked
2026-01-28 12:23:52 | DEBUG   | ldc | move info: -1.6 , -7.4666666666667885
2026-01-28 12:23:52 | DEBUG   | ldc | move_rel clicked
2026-01-28 12:23:52 | DEBUG   | ldc | move info: -1.6 , -4.800000000000001
2026-01-28 12:23:52 | DEBUG   | ldc | move_rel clicked
2026-01-28 12:23:52 | DEBUG   | ldc | move info: 0.0 , -2.666666666666606
2026-01-28 12:23:52 | DEBUG   | ldc | move_rel clicked
2026-01-28 12:23:52 | DEBUG   | ldc | move info: 0.0 , -1.066666666666606
2026-01-28 12:23:52 | DEBUG   | ldc | move_rel clicked
2026-01-28 12:23:52 | DEBUG   | ldc | move info: 0.0 , -0.5333333333333939
2026-01-28 12:23:52 | DEBUG   | ldc | move_rel clicked
2026-01-28 12:23:53 | DEBUG   | ldc | move info: 0.0 , 0.5333333333333939
2026-01-28 12:23:53 | DEBUG   | ldc | move_rel clicked
2026-01-28 12:23:53 | DEBUG   | ldc | move info: 0.0 , 0.5333333333332121
2026-01-28 12:23:53 | DEBUG   | ldc | move_rel clicked
2026-01-28 12:23:53 | DEBUG   | ldc | move info: 0.0 , 0.5333333333333939
2026-01-28 12:23:53 | DEBUG   | ldc | move_rel clicked
2026-01-28 12:23:53 | DEBUG   | ldc | move info: 0.0 , 1.066666666666606
2026-01-28 12:23:53 | DEBUG   | ldc | move_rel clicked
2026-01-28 12:23:53 | DEBUG   | ldc | move info: 0.0 , 2.666666666666788
2026-01-28 12:23:53 | DEBUG   | ldc | move_rel clicked
2026-01-28 12:23:53 | DEBUG   | ldc | move info: 0.0 , 3.733333333333212
2026-01-28 12:23:53 | DEBUG   | ldc | move_rel clicked
2026-01-28 12:23:53 | DEBUG   | ldc | move info: -0.5333333333333485 , 8.533333333333394
2026-01-28 12:23:53 | DEBUG   | ldc | move_rel clicked
2026-01-28 12:23:53 | DEBUG   | ldc | move info: -2.133333333333303 , 11.200000000000001
2026-01-28 12:23:53 | DEBUG   | ldc | move_rel clicked
2026-01-28 12:23:53 | DEBUG   | ldc | move info: -2.1333333333333484 , 12.8
2026-01-28 12:23:53 | DEBUG   | ldc | move_rel clicked
2026-01-28 12:23:53 | DEBUG   | ldc | move info: -1.6 , 12.8
2026-01-28 12:23:53 | DEBUG   | ldc | move_rel clicked
2026-01-28 12:23:53 | DEBUG   | ldc | move info: -1.0666666666666516 , 11.733333333333395
2026-01-28 12:23:53 | DEBUG   | ldc | move_rel clicked
2026-01-28 12:23:53 | DEBUG   | ldc | move info: -1.0666666666666742 , 10.133333333333212
2026-01-28 12:23:53 | DEBUG   | ldc | move_rel clicked
2026-01-28 12:23:53 | DEBUG   | ldc | move info: -1.0666666666666742 , 8.533333333333394
2026-01-28 12:23:53 | DEBUG   | ldc | move_rel clicked
2026-01-28 12:23:53 | DEBUG   | ldc | move info: -0.5333333333333258 , 6.933333333333394
2026-01-28 12:23:53 | DEBUG   | ldc | move_rel clicked
2026-01-28 12:23:53 | DEBUG   | ldc | move info: -0.5333333333333258 , 3.733333333333212
2026-01-28 12:23:53 | DEBUG   | ldc | move_rel clicked
2026-01-28 12:23:53 | DEBUG   | ldc | move info: -1.0666666666666742 , 2.666666666666788
2026-01-28 12:23:53 | DEBUG   | ldc | move_rel clicked
2026-01-28 12:23:53 | DEBUG   | ldc | move info: -0.5333333333333258 , 1.6
2026-01-28 12:23:53 | DEBUG   | ldc | move_rel clicked
2026-01-28 12:23:53 | DEBUG   | ldc | move info: -0.5333333333333485 , 1.066666666666606
2026-01-28 12:23:53 | DEBUG   | ldc | move_rel clicked
2026-01-28 12:23:53 | DEBUG   | ldc | move info: -0.5333333333333258 , 1.6
2026-01-28 12:23:53 | DEBUG   | ldc | move_rel clicked
2026-01-28 12:23:53 | DEBUG   | ldc | move info: -1.0666666666666742 , 2.133333333333394
2026-01-28 12:23:53 | DEBUG   | ldc | move_rel clicked
2026-01-28 12:23:53 | DEBUG   | ldc | move info: -0.5333333333333258 , 1.066666666666606
2026-01-28 12:23:53 | DEBUG   | ldc | move_rel clicked
2026-01-28 12:23:53 | DEBUG   | ldc | move info: -1.0666666666666742 , 1.6
2026-01-28 12:23:53 | DEBUG   | ldc | move_rel clicked
2026-01-28 12:23:53 | DEBUG   | ldc | move info: 0.0 , 1.066666666666606
2026-01-28 12:23:53 | DEBUG   | ldc | move_rel clicked
2026-01-28 12:23:53 | DEBUG   | ldc | move info: -0.5333333333333258 , 1.0666666666667879
2026-01-28 12:23:53 | DEBUG   | ldc | move_rel clicked
2026-01-28 12:23:53 | DEBUG   | ldc | move info: -0.5333333333333258 , 0.5333333333332121
2026-01-28 12:23:53 | DEBUG   | ldc | move_rel clicked
2026-01-28 12:23:53 | DEBUG   | ldc | move info: 0.0 , 1.0666666666667879
2026-01-28 12:23:53 | DEBUG   | ldc | move_rel clicked
2026-01-28 12:23:53 | DEBUG   | ldc | move info: -0.5333333333333485 , 0.5333333333332121
2026-01-28 12:23:53 | DEBUG   | ldc | move_rel clicked
2026-01-28 12:23:53 | DEBUG   | ldc | move info: 0.0 , 1.0666666666667879
2026-01-28 12:23:53 | DEBUG   | ldc | move_rel clicked
2026-01-28 12:23:53 | DEBUG   | ldc | move info: -0.5333333333333258 , 1.6
2026-01-28 12:23:53 | DEBUG   | ldc | move_rel clicked
2026-01-28 12:23:53 | DEBUG   | ldc | move info: 0.0 , 1.6
2026-01-28 12:23:53 | DEBUG   | ldc | move_rel clicked
2026-01-28 12:23:53 | DEBUG   | ldc | move info: -0.5333333333333258 , 1.066666666666606
2026-01-28 12:23:53 | DEBUG   | ldc | move_rel clicked
2026-01-28 12:23:53 | DEBUG   | ldc | move info: 0.0 , 1.066666666666606
2026-01-28 12:23:53 | DEBUG   | ldc | move_rel clicked
2026-01-28 12:23:53 | DEBUG   | ldc | move info: -0.5333333333333485 , 1.0666666666667879
2026-01-28 12:23:53 | DEBUG   | ldc | move_rel clicked
2026-01-28 12:23:53 | DEBUG   | ldc | move info: 0.0 , 1.6
2026-01-28 12:23:53 | DEBUG   | ldc | move_rel clicked
2026-01-28 12:23:53 | DEBUG   | ldc | move info: 0.0 , 1.066666666666606
2026-01-28 12:23:53 | DEBUG   | ldc | move_rel clicked
2026-01-28 12:23:53 | DEBUG   | ldc | move info: 0.0 , 1.066666666666606
2026-01-28 12:23:53 | DEBUG   | ldc | move_rel clicked
2026-01-28 12:23:53 | DEBUG   | ldc | move info: -0.5333333333333258 , 1.6
2026-01-28 12:23:53 | DEBUG   | ldc | move_rel clicked
2026-01-28 12:23:53 | DEBUG   | ldc | move info: -0.5333333333333258 , 1.6
2026-01-28 12:23:53 | DEBUG   | ldc | move_rel clicked
2026-01-28 12:23:53 | DEBUG   | ldc | move info: -0.5333333333333485 , 1.0666666666667879
2026-01-28 12:23:53 | DEBUG   | ldc | move_rel clicked
2026-01-28 12:23:53 | DEBUG   | ldc | move info: 0.0 , 1.066666666666606
2026-01-28 12:23:53 | DEBUG   | ldc | move_rel clicked
2026-01-28 12:23:53 | DEBUG   | ldc | move info: -0.5333333333333258 , 1.066666666666606
2026-01-28 12:23:53 | DEBUG   | ldc | move_rel clicked
2026-01-28 12:23:53 | DEBUG   | ldc | move info: 0.0 , 0.5333333333333939
2026-01-28 12:23:53 | DEBUG   | ldc | move_rel clicked
2026-01-28 12:23:53 | DEBUG   | ldc | move info: 0.0 , 0.5333333333333939
2026-01-28 12:23:53 | DEBUG   | ldc | move_rel clicked
2026-01-28 12:23:53 | DEBUG   | ldc | move info: -1.0666666666666742 , 0.0
2026-01-28 12:23:53 | DEBUG   | ldc | move_rel clicked
2026-01-28 12:23:53 | DEBUG   | ldc | move info: -1.0666666666666516 , 0.0
2026-01-28 12:23:53 | DEBUG   | ldc | move_rel clicked
2026-01-28 12:23:53 | DEBUG   | ldc | move info: -1.6 , -1.6
2026-01-28 12:23:53 | DEBUG   | ldc | move_rel clicked
2026-01-28 12:23:53 | DEBUG   | ldc | move info: -2.6666666666666745 , -6.4
2026-01-28 12:23:54 | DEBUG   | ldc | move_rel clicked
2026-01-28 12:23:54 | DEBUG   | ldc | move info: -3.2 , -11.200000000000001
2026-01-28 12:23:54 | DEBUG   | ldc | move_rel clicked
2026-01-28 12:23:54 | DEBUG   | ldc | move info: -2.1333333333333258 , -14.933333333333394
2026-01-28 12:23:54 | DEBUG   | ldc | move_rel clicked
2026-01-28 12:23:54 | DEBUG   | ldc | move info: -1.6 , -18.666666666666607
2026-01-28 12:23:54 | DEBUG   | ldc | move_rel clicked
2026-01-28 12:23:54 | DEBUG   | ldc | move info: -0.5333333333333485 , -21.333333333333396
2026-01-28 12:23:54 | DEBUG   | ldc | move_rel clicked
2026-01-28 12:23:54 | DEBUG   | ldc | move info: 0.0 , -21.333333333333396
2026-01-28 12:23:54 | DEBUG   | ldc | move_rel clicked
2026-01-28 12:23:54 | DEBUG   | ldc | move info: 3.2 , -21.333333333333215
2026-01-28 12:23:54 | DEBUG   | ldc | move_rel clicked
2026-01-28 12:23:54 | DEBUG   | ldc | move info: 5.333333333333349 , -19.733333333333395
2026-01-28 12:23:54 | DEBUG   | ldc | move_rel clicked
2026-01-28 12:23:54 | DEBUG   | ldc | move info: 5.333333333333326 , -17.066666666666606
2026-01-28 12:23:54 | DEBUG   | ldc | move_rel clicked
2026-01-28 12:23:54 | DEBUG   | ldc | move info: 4.266666666666675 , -13.866666666666788
2026-01-28 12:23:54 | DEBUG   | ldc | move_rel clicked
2026-01-28 12:23:54 | DEBUG   | ldc | move info: 3.2 , -11.200000000000001
2026-01-28 12:23:54 | DEBUG   | ldc | move_rel clicked
2026-01-28 12:23:54 | DEBUG   | ldc | move info: 2.1333333333333258 , -9.600000000000001
2026-01-28 12:23:54 | DEBUG   | ldc | move_rel clicked
2026-01-28 12:23:54 | DEBUG   | ldc | move info: 2.1333333333333258 , -9.600000000000001
2026-01-28 12:23:54 | DEBUG   | ldc | move_rel clicked
2026-01-28 12:23:54 | DEBUG   | ldc | move info: 2.1333333333333484 , -11.200000000000001
2026-01-28 12:23:54 | DEBUG   | ldc | move_rel clicked
2026-01-28 12:23:54 | DEBUG   | ldc | move info: 1.6 , -10.666666666666607
2026-01-28 12:23:54 | DEBUG   | ldc | move_rel clicked
2026-01-28 12:23:54 | DEBUG   | ldc | move info: 2.133333333333303 , -11.200000000000001
2026-01-28 12:23:54 | DEBUG   | ldc | move_rel clicked
2026-01-28 12:23:54 | DEBUG   | ldc | move info: 2.666666666666697 , -10.666666666666607
2026-01-28 12:23:54 | DEBUG   | ldc | move_rel clicked
2026-01-28 12:23:54 | DEBUG   | ldc | move info: 3.2 , -10.666666666666789
2026-01-28 12:23:54 | DEBUG   | ldc | move_rel clicked
2026-01-28 12:23:54 | DEBUG   | ldc | move info: 3.733333333333303 , -10.666666666666607
2026-01-28 12:23:54 | DEBUG   | ldc | move_rel clicked
2026-01-28 12:23:54 | DEBUG   | ldc | move info: 3.2 , -10.133333333333395
2026-01-28 12:23:54 | DEBUG   | ldc | move_rel clicked
2026-01-28 12:23:54 | DEBUG   | ldc | move info: 3.7333333333333485 , -9.066666666666606
2026-01-28 12:23:54 | DEBUG   | ldc | move_rel clicked
2026-01-28 12:23:54 | DEBUG   | ldc | move info: 3.7333333333333485 , -6.4
2026-01-28 12:23:54 | DEBUG   | ldc | move_rel clicked
2026-01-28 12:23:54 | DEBUG   | ldc | move info: 2.133333333333303 , -5.866666666666607
2026-01-28 12:23:54 | DEBUG   | ldc | move_rel clicked
2026-01-28 12:23:54 | DEBUG   | ldc | move info: 2.1333333333333484 , -2.666666666666788
2026-01-28 12:23:54 | DEBUG   | ldc | move_rel clicked
2026-01-28 12:23:54 | DEBUG   | ldc | move info: 1.6 , -2.133333333333212
2026-01-28 12:23:54 | DEBUG   | ldc | move_rel clicked
2026-01-28 12:23:54 | DEBUG   | ldc | move info: 0.5333333333333485 , -0.5333333333333939
2026-01-28 12:23:54 | DEBUG   | ldc | move_rel clicked
2026-01-28 12:23:54 | DEBUG   | ldc | move info: 0.0 , 2.133333333333394
2026-01-28 12:23:54 | DEBUG   | ldc | move_rel clicked
2026-01-28 12:23:54 | DEBUG   | ldc | move info: 0.0 , 2.133333333333212
2026-01-28 12:23:54 | DEBUG   | ldc | move_rel clicked
2026-01-28 12:23:54 | DEBUG   | ldc | move info: 0.0 , 1.0666666666667879
2026-01-28 12:23:54 | DEBUG   | ldc | move_rel clicked
2026-01-28 12:23:54 | DEBUG   | ldc | move info: -3.7333333333333485 , 0.0
2026-01-28 12:23:54 | DEBUG   | ldc | move_rel clicked
2026-01-28 12:23:54 | DEBUG   | ldc | move info: 0.0 , 0.0
2026-01-28 12:23:54 | DEBUG   | ldc | move_rel clicked
2026-01-28 12:23:54 | DEBUG   | ldc | move info: -10.133333333333349 , -3.2
2026-01-28 12:23:54 | DEBUG   | ldc | move_rel clicked
2026-01-28 12:23:54 | DEBUG   | ldc | move info: -4.2666666666666515 , -4.800000000000001
2026-01-28 12:23:54 | DEBUG   | ldc | move_rel clicked
2026-01-28 12:23:54 | DEBUG   | ldc | move info: -1.6 , -1.0666666666667879
2026-01-28 12:23:54 | DEBUG   | ldc | move_rel clicked
2026-01-28 12:23:54 | DEBUG   | ldc | move info: -3.2 , -3.733333333333212
2026-01-28 12:23:54 | DEBUG   | ldc | move_rel clicked
2026-01-28 12:23:54 | DEBUG   | ldc | move info: -4.800000000000001 , -5.866666666666788
2026-01-28 12:23:54 | DEBUG   | ldc | move_rel clicked
2026-01-28 12:23:54 | DEBUG   | ldc | move info: -5.333333333333349 , -5.866666666666607
2026-01-28 12:23:54 | DEBUG   | ldc | move_rel clicked
2026-01-28 12:23:54 | DEBUG   | ldc | move info: -4.800000000000001 , -4.800000000000001
2026-01-28 12:23:54 | DEBUG   | ldc | move_rel clicked
2026-01-28 12:23:54 | DEBUG   | ldc | move info: -4.2666666666666515 , -4.266666666666606
2026-01-28 12:23:54 | DEBUG   | ldc | move_rel clicked
2026-01-28 12:23:54 | DEBUG   | ldc | move info: -3.2 , -3.2
2026-01-28 12:23:54 | DEBUG   | ldc | move_rel clicked
2026-01-28 12:23:54 | DEBUG   | ldc | move info: -3.2 , -2.133333333333394
2026-01-28 12:23:54 | DEBUG   | ldc | move_rel clicked
2026-01-28 12:23:54 | DEBUG   | ldc | move info: -2.666666666666652 , -2.666666666666606
2026-01-28 12:23:54 | DEBUG   | ldc | move_rel clicked
2026-01-28 12:23:54 | DEBUG   | ldc | move info: -1.066666666666697 , -3.2
2026-01-28 12:23:55 | DEBUG   | ldc | move_rel clicked
2026-01-28 12:23:55 | DEBUG   | ldc | move info: -1.6 , -3.2
2026-01-28 12:23:55 | DEBUG   | ldc | move_rel clicked
2026-01-28 12:23:55 | DEBUG   | ldc | move info: 0.0 , -3.2
2026-01-28 12:23:55 | DEBUG   | ldc | move_rel clicked
2026-01-28 12:23:55 | DEBUG   | ldc | move info: 0.0 , -4.800000000000001
2026-01-28 12:23:55 | DEBUG   | ldc | move_rel clicked
2026-01-28 12:23:55 | DEBUG   | ldc | move info: 0.0 , -5.333333333333394
2026-01-28 12:23:55 | DEBUG   | ldc | move_rel clicked
2026-01-28 12:23:55 | DEBUG   | ldc | move info: 0.0 , -5.333333333333394
2026-01-28 12:23:55 | DEBUG   | ldc | move_rel clicked
2026-01-28 12:23:55 | DEBUG   | ldc | move info: 0.0 , -5.333333333333212
2026-01-28 12:23:55 | DEBUG   | ldc | move_rel clicked
2026-01-28 12:23:55 | DEBUG   | ldc | move info: 0.0 , -4.266666666666788
2026-01-28 12:23:55 | DEBUG   | ldc | move_rel clicked
2026-01-28 12:23:55 | DEBUG   | ldc | move info: 1.066666666666697 , -4.266666666666606
2026-01-28 12:23:55 | DEBUG   | ldc | move_rel clicked
2026-01-28 12:23:55 | DEBUG   | ldc | move info: 0.0 , -3.7333333333333942
2026-01-28 12:23:55 | DEBUG   | ldc | move_rel clicked
2026-01-28 12:23:55 | DEBUG   | ldc | move info: 0.533333333333303 , -2.666666666666606
2026-01-28 12:23:55 | DEBUG   | ldc | move_rel clicked
2026-01-28 12:23:55 | DEBUG   | ldc | move info: 0.0 , -1.6
2026-01-28 12:23:55 | DEBUG   | ldc | move_rel clicked
2026-01-28 12:23:55 | DEBUG   | ldc | move info: 0.0 , -1.066666666666606
2026-01-28 12:23:55 | DEBUG   | ldc | move_rel clicked
2026-01-28 12:23:55 | DEBUG   | ldc | move info: 0.0 , -0.5333333333333939
2026-01-28 12:23:55 | DEBUG   | ldc | move_rel clicked
2026-01-28 12:23:55 | DEBUG   | ldc | move info: -1.0666666666666516 , 0.5333333333333939
2026-01-28 12:23:55 | DEBUG   | ldc | move_rel clicked
2026-01-28 12:23:55 | DEBUG   | ldc | move info: -2.1333333333333484 , 1.066666666666606
2026-01-28 12:23:55 | DEBUG   | ldc | move_rel clicked
2026-01-28 12:23:55 | DEBUG   | ldc | move info: -3.2 , 1.066666666666606
2026-01-28 12:23:55 | DEBUG   | ldc | move_rel clicked
2026-01-28 12:23:55 | DEBUG   | ldc | move info: -3.2 , 1.0666666666667879
2026-01-28 12:23:55 | DEBUG   | ldc | move_rel clicked
2026-01-28 12:23:55 | DEBUG   | ldc | move info: -3.2 , 2.133333333333212
2026-01-28 12:23:55 | DEBUG   | ldc | move_rel clicked
2026-01-28 12:23:55 | DEBUG   | ldc | move info: -3.2 , 2.666666666666788
2026-01-28 12:23:55 | DEBUG   | ldc | move_rel clicked
2026-01-28 12:23:55 | DEBUG   | ldc | move info: -3.2 , 2.666666666666606
2026-01-28 12:23:55 | DEBUG   | ldc | move_rel clicked
2026-01-28 12:23:55 | DEBUG   | ldc | move info: -2.666666666666652 , 3.2
2026-01-28 12:23:55 | DEBUG   | ldc | move_rel clicked
2026-01-28 12:23:55 | DEBUG   | ldc | move info: -2.1333333333333484 , 2.666666666666606
2026-01-28 12:23:55 | DEBUG   | ldc | move_rel clicked
2026-01-28 12:23:55 | DEBUG   | ldc | move info: -1.6 , 2.133333333333394
2026-01-28 12:23:55 | DEBUG   | ldc | move_rel clicked
2026-01-28 12:23:55 | DEBUG   | ldc | move info: -1.6 , 1.6
2026-01-28 12:23:55 | DEBUG   | ldc | move_rel clicked
2026-01-28 12:23:55 | DEBUG   | ldc | move info: 0.0 , 0.5333333333333939
2026-01-28 12:23:55 | DEBUG   | ldc | move_rel clicked
2026-01-28 12:23:55 | DEBUG   | ldc | move info: 0.5333333333333485 , 0.0
2026-01-28 12:23:55 | DEBUG   | ldc | move_rel clicked
2026-01-28 12:23:55 | DEBUG   | ldc | move info: 1.0666666666666516 , 0.0
2026-01-28 12:23:55 | DEBUG   | ldc | move_rel clicked
2026-01-28 12:23:55 | DEBUG   | ldc | move info: 1.066666666666697 , 0.0
2026-01-28 12:23:55 | DEBUG   | ldc | move_rel clicked
2026-01-28 12:23:55 | DEBUG   | ldc | move info: 1.0666666666666516 , -0.5333333333333939
2026-01-28 12:23:55 | DEBUG   | ldc | move_rel clicked
2026-01-28 12:23:55 | DEBUG   | ldc | move info: 2.1333333333333484 , -1.066666666666606
2026-01-28 12:23:55 | DEBUG   | ldc | move_rel clicked
2026-01-28 12:23:55 | DEBUG   | ldc | move info: 4.2666666666666515 , -1.0666666666667879
2026-01-28 12:23:55 | DEBUG   | ldc | move_rel clicked
2026-01-28 12:23:55 | DEBUG   | ldc | move info: 5.333333333333349 , -1.066666666666606
2026-01-28 12:23:55 | DEBUG   | ldc | move_rel clicked
2026-01-28 12:23:55 | DEBUG   | ldc | move info: 6.933333333333303 , -1.066666666666606
2026-01-28 12:23:55 | DEBUG   | ldc | move_rel clicked
2026-01-28 12:23:55 | DEBUG   | ldc | move info: 8.0 , -2.133333333333394
2026-01-28 12:23:55 | DEBUG   | ldc | move_rel clicked
2026-01-28 12:23:55 | DEBUG   | ldc | move info: 9.600000000000001 , -2.133333333333394
2026-01-28 12:23:55 | DEBUG   | ldc | move_rel clicked
2026-01-28 12:23:55 | DEBUG   | ldc | move info: 9.066666666666697 , -2.666666666666606
2026-01-28 12:23:55 | DEBUG   | ldc | move_rel clicked
2026-01-28 12:23:55 | DEBUG   | ldc | move info: 9.066666666666652 , -2.666666666666606
2026-01-28 12:23:55 | DEBUG   | ldc | move_rel clicked
2026-01-28 12:23:55 | DEBUG   | ldc | move info: 8.0 , -2.666666666666788
2026-01-28 12:23:55 | DEBUG   | ldc | move_rel clicked
2026-01-28 12:23:55 | DEBUG   | ldc | move info: 8.53333333333335 , -1.066666666666606
2026-01-28 12:23:55 | DEBUG   | ldc | move_rel clicked
2026-01-28 12:23:55 | DEBUG   | ldc | move info: 7.466666666666652 , -1.066666666666606
2026-01-28 12:23:55 | DEBUG   | ldc | move_rel clicked
2026-01-28 12:23:55 | DEBUG   | ldc | move info: 6.933333333333349 , -0.5333333333333939
2026-01-28 12:23:55 | DEBUG   | ldc | move_rel clicked
2026-01-28 12:23:55 | DEBUG   | ldc | move info: 5.333333333333304 , 0.0
2026-01-28 12:23:55 | DEBUG   | ldc | move_rel clicked
2026-01-28 12:23:55 | DEBUG   | ldc | move info: 4.266666666666697 , 0.0
2026-01-28 12:23:55 | DEBUG   | ldc | move_rel clicked
2026-01-28 12:23:55 | DEBUG   | ldc | move info: 3.733333333333303 , 0.5333333333333939
2026-01-28 12:23:55 | DEBUG   | ldc | move_rel clicked
2026-01-28 12:23:55 | DEBUG   | ldc | move info: 3.2 , 1.066666666666606
2026-01-28 12:23:55 | DEBUG   | ldc | move_rel clicked
2026-01-28 12:23:55 | DEBUG   | ldc | move info: 3.2 , 1.066666666666606
2026-01-28 12:23:56 | DEBUG   | ldc | move_rel clicked
2026-01-28 12:23:56 | DEBUG   | ldc | move info: 3.2 , 1.0666666666667879
2026-01-28 12:23:56 | DEBUG   | ldc | move_rel clicked
2026-01-28 12:23:56 | DEBUG   | ldc | move info: 2.666666666666697 , 0.5333333333332121
2026-01-28 12:23:56 | DEBUG   | ldc | move_rel clicked
2026-01-28 12:23:56 | DEBUG   | ldc | move info: 3.2 , 1.0666666666667879
2026-01-28 12:23:56 | DEBUG   | ldc | move_rel clicked
2026-01-28 12:23:56 | DEBUG   | ldc | move info: 3.2 , 1.066666666666606
2026-01-28 12:23:56 | DEBUG   | ldc | move_rel clicked
2026-01-28 12:23:56 | DEBUG   | ldc | move info: 3.733333333333303 , 1.066666666666606
2026-01-28 12:23:56 | DEBUG   | ldc | move_rel clicked
2026-01-28 12:23:56 | DEBUG   | ldc | move info: 2.133333333333303 , 1.0666666666667879
2026-01-28 12:23:56 | DEBUG   | ldc | move_rel clicked
2026-01-28 12:23:56 | DEBUG   | ldc | move info: 3.2 , 1.066666666666606
2026-01-28 12:23:56 | DEBUG   | ldc | move_rel clicked
2026-01-28 12:23:56 | DEBUG   | ldc | move info: 3.2 , 1.6
2026-01-28 12:23:56 | DEBUG   | ldc | move_rel clicked
2026-01-28 12:23:56 | DEBUG   | ldc | move info: 2.666666666666697 , 1.6
2026-01-28 12:23:56 | DEBUG   | ldc | move_rel clicked
2026-01-28 12:23:56 | DEBUG   | ldc | move info: 3.2 , 1.6
2026-01-28 12:23:56 | DEBUG   | ldc | move_rel clicked
2026-01-28 12:23:56 | DEBUG   | ldc | move info: 2.133333333333303 , 0.5333333333333939
2026-01-28 12:23:56 | DEBUG   | ldc | move_rel clicked
2026-01-28 12:23:56 | DEBUG   | ldc | move info: 2.133333333333394 , 1.066666666666606
2026-01-28 12:23:56 | DEBUG   | ldc | move_rel clicked
2026-01-28 12:23:56 | DEBUG   | ldc | move info: 2.666666666666606 , 1.066666666666606
2026-01-28 12:23:56 | DEBUG   | ldc | move_rel clicked
2026-01-28 12:23:56 | DEBUG   | ldc | move info: 1.6 , 1.0666666666667879
2026-01-28 12:23:56 | DEBUG   | ldc | move_rel clicked
2026-01-28 12:23:56 | DEBUG   | ldc | move info: 1.6 , 0.5333333333332121
2026-01-28 12:23:56 | DEBUG   | ldc | move_rel clicked
2026-01-28 12:23:56 | DEBUG   | ldc | move info: 1.066666666666697 , 0.0
2026-01-28 12:23:56 | DEBUG   | ldc | move_rel clicked
2026-01-28 12:23:56 | DEBUG   | ldc | move info: 0.0 , 0.5333333333333939
2026-01-28 12:23:56 | DEBUG   | ldc | move_rel clicked
2026-01-28 12:23:56 | DEBUG   | ldc | move info: -4.266666666666697 , 0.0
2026-01-28 12:23:56 | DEBUG   | ldc | move_rel clicked
2026-01-28 12:23:56 | DEBUG   | ldc | move info: -13.866666666666607 , -5.866666666666607
2026-01-28 12:23:56 | DEBUG   | ldc | move_rel clicked
2026-01-28 12:23:56 | DEBUG   | ldc | move info: -21.33333333333335 , -11.733333333333395
2026-01-28 12:23:56 | DEBUG   | ldc | move_rel clicked
2026-01-28 12:23:56 | DEBUG   | ldc | move info: -24.53333333333335 , -11.733333333333395
2026-01-28 12:23:56 | DEBUG   | ldc | move_rel clicked
2026-01-28 12:23:56 | DEBUG   | ldc | move info: -25.066666666666652 , -8.533333333333212
2026-01-28 12:23:56 | DEBUG   | ldc | move_rel clicked
2026-01-28 12:23:56 | DEBUG   | ldc | move info: -23.466666666666654 , -6.4
2026-01-28 12:23:56 | DEBUG   | ldc | move_rel clicked
2026-01-28 12:23:56 | DEBUG   | ldc | move info: -21.8666666666667 , -6.4
2026-01-28 12:23:56 | DEBUG   | ldc | move_rel clicked
2026-01-28 12:23:56 | DEBUG   | ldc | move info: -18.666666666666654 , -5.866666666666788
2026-01-28 12:23:56 | DEBUG   | ldc | move_rel clicked
2026-01-28 12:23:56 | DEBUG   | ldc | move info: -15.466666666666653 , -6.933333333333213
2026-01-28 12:23:56 | DEBUG   | ldc | move_rel clicked
2026-01-28 12:23:56 | DEBUG   | ldc | move info: -11.200000000000001 , -8.0
2026-01-28 12:23:56 | DEBUG   | ldc | move_rel clicked
2026-01-28 12:23:56 | DEBUG   | ldc | move info: -6.4 , -8.533333333333394
2026-01-28 12:23:56 | DEBUG   | ldc | move_rel clicked
2026-01-28 12:23:56 | DEBUG   | ldc | move info: -1.6 , -11.733333333333395
2026-01-28 12:23:56 | DEBUG   | ldc | move_rel clicked
2026-01-28 12:23:56 | DEBUG   | ldc | move info: 0.0 , -11.733333333333213
2026-01-28 12:23:56 | DEBUG   | ldc | move_rel clicked
2026-01-28 12:23:56 | DEBUG   | ldc | move info: -9.600000000000001 , -11.733333333333395
2026-01-28 12:23:56 | DEBUG   | ldc | move_rel clicked
2026-01-28 12:23:56 | DEBUG   | ldc | move info: 0.0 , 0.0
2026-01-28 12:23:56 | DEBUG   | ldc | move_rel clicked
2026-01-28 12:23:56 | DEBUG   | ldc | move info: -8.533333333333303 , -14.4
2026-01-28 12:23:56 | DEBUG   | ldc | move_rel clicked
2026-01-28 12:23:56 | DEBUG   | ldc | move info: -2.1333333333333484 , -3.2
2026-01-28 12:23:56 | DEBUG   | ldc | move_rel clicked
2026-01-28 12:23:56 | DEBUG   | ldc | move info: -5.333333333333349 , -9.600000000000001
2026-01-28 12:23:56 | DEBUG   | ldc | move_rel clicked
2026-01-28 12:23:56 | DEBUG   | ldc | move info: -6.4 , -11.733333333333213
2026-01-28 12:23:56 | DEBUG   | ldc | move_rel clicked
2026-01-28 12:23:56 | DEBUG   | ldc | move info: -3.733333333333303 , -10.133333333333395
2026-01-28 12:23:56 | DEBUG   | ldc | move_rel clicked
2026-01-28 12:23:56 | DEBUG   | ldc | move info: -2.666666666666697 , -5.866666666666607
2026-01-28 12:23:56 | DEBUG   | ldc | move_rel clicked
2026-01-28 12:23:56 | DEBUG   | ldc | move info: -1.0666666666666516 , -4.266666666666788
2026-01-28 12:23:56 | DEBUG   | ldc | move_rel clicked
2026-01-28 12:23:56 | DEBUG   | ldc | move info: -1.0666666666666516 , -1.6
2026-01-28 12:23:56 | DEBUG   | ldc | move_rel clicked
2026-01-28 12:23:56 | DEBUG   | ldc | move info: -1.066666666666697 , -0.5333333333332121
2026-01-28 12:23:56 | DEBUG   | ldc | move_rel clicked
2026-01-28 12:23:56 | DEBUG   | ldc | move info: -1.0666666666666516 , 0.0
2026-01-28 12:23:56 | DEBUG   | ldc | move_rel clicked
2026-01-28 12:23:56 | DEBUG   | ldc | move info: -0.5333333333333485 , 0.0
2026-01-28 12:23:56 | DEBUG   | ldc | move_rel clicked
2026-01-28 12:23:56 | DEBUG   | ldc | move info: -0.533333333333303 , 0.0
2026-01-28 12:23:56 | DEBUG   | ldc | move_rel clicked
2026-01-28 12:23:56 | DEBUG   | ldc | move info: -0.5333333333333485 , 0.0
2026-01-28 12:23:56 | DEBUG   | ldc | move_rel clicked
2026-01-28 12:23:57 | DEBUG   | ldc | move info: -0.5333333333333485 , 0.0
2026-01-28 12:23:57 | DEBUG   | ldc | move_rel clicked
2026-01-28 12:23:57 | DEBUG   | ldc | move info: -0.533333333333303 , 0.0
2026-01-28 12:23:57 | DEBUG   | ldc | move_rel clicked
2026-01-28 12:23:57 | DEBUG   | ldc | move info: 3.2 , 2.666666666666606
2026-01-28 12:23:57 | DEBUG   | ldc | move_rel clicked
2026-01-28 12:23:57 | DEBUG   | ldc | move info: 3.733333333333303 , 3.2
2026-01-28 12:23:57 | DEBUG   | ldc | move_rel clicked
2026-01-28 12:23:57 | DEBUG   | ldc | move info: 3.7333333333333485 , 3.7333333333333942
2026-01-28 12:23:57 | DEBUG   | ldc | move_rel clicked
2026-01-28 12:23:57 | DEBUG   | ldc | move info: 2.666666666666652 , 3.733333333333212
2026-01-28 12:23:57 | DEBUG   | ldc | move_rel clicked
2026-01-28 12:23:57 | DEBUG   | ldc | move info: 2.666666666666697 , 4.266666666666788
2026-01-28 12:23:57 | DEBUG   | ldc | move_rel clicked
2026-01-28 12:23:57 | DEBUG   | ldc | move info: 2.666666666666652 , 3.733333333333212
2026-01-28 12:23:57 | DEBUG   | ldc | move_rel clicked
2026-01-28 12:23:57 | DEBUG   | ldc | move info: 1.6 , 2.666666666666788
2026-01-28 12:23:57 | DEBUG   | ldc | move_rel clicked
2026-01-28 12:23:57 | DEBUG   | ldc | move info: 0.5333333333333485 , 2.133333333333212
2026-01-28 12:23:57 | DEBUG   | ldc | move_rel clicked
2026-01-28 12:23:57 | DEBUG   | ldc | move info: 0.0 , 1.0666666666667879
2026-01-28 12:23:57 | DEBUG   | ldc | move_rel clicked
2026-01-28 12:23:57 | DEBUG   | ldc | move info: -0.5333333333333485 , 0.0
2026-01-28 12:23:57 | DEBUG   | ldc | move_rel clicked
2026-01-28 12:23:57 | DEBUG   | ldc | move info: -1.0666666666666516 , -0.5333333333333939
2026-01-28 12:23:57 | DEBUG   | ldc | move_rel clicked
2026-01-28 12:23:57 | DEBUG   | ldc | move info: -0.5333333333333485 , -1.066666666666606
2026-01-28 12:23:57 | DEBUG   | ldc | move_rel clicked
2026-01-28 12:23:57 | DEBUG   | ldc | move info: 0.0 , -1.0666666666667879
2026-01-28 12:23:57 | DEBUG   | ldc | move_rel clicked
2026-01-28 12:23:57 | DEBUG   | ldc | move info: -0.5333333333333485 , -0.5333333333332121
2026-01-28 12:23:57 | DEBUG   | ldc | move_rel clicked
2026-01-28 12:23:57 | DEBUG   | ldc | move info: 0.0 , -1.0666666666667879
2026-01-28 12:23:57 | DEBUG   | ldc | move_rel clicked
2026-01-28 12:23:57 | DEBUG   | ldc | move info: 0.0 , -0.5333333333332121
2026-01-28 12:23:57 | DEBUG   | ldc | move_rel clicked
2026-01-28 12:23:57 | DEBUG   | ldc | move info: 0.0 , -0.5333333333333939
2026-01-28 12:23:57 | DEBUG   | ldc | move_rel clicked
2026-01-28 12:23:57 | DEBUG   | ldc | move info: 0.0 , -0.5333333333333939
2026-01-28 12:23:57 | DEBUG   | ldc | move_rel clicked
2026-01-28 12:23:57 | DEBUG   | ldc | move info: 0.0 , -0.5333333333332121
2026-01-28 12:23:57 | DEBUG   | ldc | move_rel clicked
2026-01-28 12:23:57 | DEBUG   | ldc | click event type=click
2026-01-28 12:23:58 | DEBUG   | ldc | move info: 3.2 , 4.800000000000001
2026-01-28 12:23:58 | DEBUG   | ldc | move_rel clicked
2026-01-28 12:23:58 | DEBUG   | ldc | move info: 0.0 , 0.0
2026-01-28 12:23:58 | DEBUG   | ldc | move_rel clicked
2026-01-28 12:23:58 | DEBUG   | ldc | move info: 18.133333333333304 , 16.0
2026-01-28 12:23:58 | DEBUG   | ldc | move_rel clicked
2026-01-28 12:23:58 | DEBUG   | ldc | move info: 5.333333333333349 , 3.2
2026-01-28 12:23:58 | DEBUG   | ldc | move_rel clicked
2026-01-28 12:23:58 | DEBUG   | ldc | move info: 20.26666666666665 , 11.200000000000001
2026-01-28 12:23:58 | DEBUG   | ldc | move_rel clicked
2026-01-28 12:23:58 | DEBUG   | ldc | move info: 34.13333333333335 , 17.6
2026-01-28 12:23:58 | DEBUG   | ldc | move_rel clicked
2026-01-28 12:23:58 | DEBUG   | ldc | move info: 39.466666666666654 , 13.333333333333394
2026-01-28 12:23:58 | DEBUG   | ldc | move_rel clicked
2026-01-28 12:23:58 | DEBUG   | ldc | move info: 38.93333333333331 , 10.133333333333395
2026-01-28 12:23:58 | DEBUG   | ldc | move_rel clicked
2026-01-28 12:23:58 | DEBUG   | ldc | move info: 32.0 , 9.600000000000001
2026-01-28 12:23:58 | DEBUG   | ldc | move_rel clicked
2026-01-28 12:23:58 | DEBUG   | ldc | move info: 20.266666666666698 , 9.600000000000001
2026-01-28 12:23:58 | DEBUG   | ldc | move_rel clicked
2026-01-28 12:23:58 | DEBUG   | ldc | move info: 13.333333333333304 , 9.066666666666606
2026-01-28 12:23:58 | DEBUG   | ldc | move_rel clicked
2026-01-28 12:23:58 | DEBUG   | ldc | move info: 11.200000000000001 , 5.866666666666607
2026-01-28 12:23:58 | DEBUG   | ldc | move_rel clicked
2026-01-28 12:23:58 | DEBUG   | ldc | move info: 10.133333333333395 , 5.333333333333394
2026-01-28 12:23:58 | DEBUG   | ldc | move_rel clicked
2026-01-28 12:23:58 | DEBUG   | ldc | move info: 2.666666666666606 , 1.066666666666606
2026-01-28 12:23:58 | DEBUG   | ldc | move_rel clicked
2026-01-28 12:23:58 | DEBUG   | ldc | move info: 14.93333333333335 , 12.8
2026-01-28 12:23:58 | DEBUG   | ldc | move_rel clicked
2026-01-28 12:23:58 | DEBUG   | ldc | move info: 0.0 , 0.0
2026-01-28 12:23:58 | DEBUG   | ldc | move_rel clicked
2026-01-28 12:23:58 | DEBUG   | ldc | move info: 20.8 , 9.066666666666606
2026-01-28 12:23:58 | DEBUG   | ldc | move_rel clicked
2026-01-28 12:23:58 | DEBUG   | ldc | move info: 6.4 , 3.2
2026-01-28 12:23:58 | DEBUG   | ldc | move_rel clicked
2026-01-28 12:23:58 | DEBUG   | ldc | move info: 24.0 , 8.533333333333394
2026-01-28 12:23:58 | DEBUG   | ldc | move_rel clicked
2026-01-28 12:23:58 | DEBUG   | ldc | move info: 34.66666666666665 , 10.133333333333395
2026-01-28 12:23:58 | DEBUG   | ldc | move_rel clicked
2026-01-28 12:23:58 | DEBUG   | ldc | move info: 27.733333333333306 , 7.466666666666606
2026-01-28 12:23:58 | DEBUG   | ldc | move_rel clicked
2026-01-28 12:23:58 | DEBUG   | ldc | move info: 17.6 , 9.600000000000001
2026-01-28 12:23:58 | DEBUG   | ldc | move_rel clicked
2026-01-28 12:23:58 | DEBUG   | ldc | move info: 11.733333333333395 , 12.266666666666607
2026-01-28 12:23:58 | DEBUG   | ldc | move_rel clicked
2026-01-28 12:23:58 | DEBUG   | ldc | move info: 9.066666666666606 , 11.200000000000001
2026-01-28 12:23:58 | DEBUG   | ldc | move_rel clicked
2026-01-28 12:23:58 | DEBUG   | ldc | move info: 10.133333333333395 , 10.666666666666789
2026-01-28 12:23:58 | DEBUG   | ldc | move_rel clicked
2026-01-28 12:23:58 | DEBUG   | ldc | move info: 12.266666666666607 , 11.200000000000001
2026-01-28 12:23:58 | DEBUG   | ldc | move_rel clicked
2026-01-28 12:23:58 | DEBUG   | ldc | move info: 12.266666666666698 , 9.600000000000001
2026-01-28 12:23:58 | DEBUG   | ldc | move_rel clicked
2026-01-28 12:23:58 | DEBUG   | ldc | move info: 13.866666666666697 , 6.933333333333213
2026-01-28 12:23:58 | DEBUG   | ldc | move_rel clicked
2026-01-28 12:23:58 | DEBUG   | ldc | move info: 13.333333333333304 , 4.266666666666788
2026-01-28 12:23:58 | DEBUG   | ldc | move_rel clicked
2026-01-28 12:23:58 | DEBUG   | ldc | move info: 10.666666666666698 , 2.133333333333212
2026-01-28 12:23:58 | DEBUG   | ldc | move_rel clicked
2026-01-28 12:23:58 | DEBUG   | ldc | move info: 6.933333333333303 , 0.0
2026-01-28 12:23:59 | DEBUG   | ldc | move_rel clicked
2026-01-28 12:23:59 | DEBUG   | ldc | move info: 1.066666666666697 , -0.5333333333332121
2026-01-28 12:23:59 | DEBUG   | ldc | move_rel clicked
2026-01-28 12:23:59 | DEBUG   | ldc | move info: 3.2 , 2.133333333333212
2026-01-28 12:23:59 | DEBUG   | ldc | move_rel clicked
2026-01-28 12:23:59 | DEBUG   | ldc | move info: 0.0 , 0.0
2026-01-28 12:23:59 | DEBUG   | ldc | move_rel clicked
2026-01-28 12:23:59 | DEBUG   | ldc | move info: 16.53333333333335 , 4.266666666666788
2026-01-28 12:23:59 | DEBUG   | ldc | move_rel clicked
2026-01-28 12:23:59 | DEBUG   | ldc | move info: 4.2666666666666515 , 0.0
2026-01-28 12:23:59 | DEBUG   | ldc | move_rel clicked
2026-01-28 12:23:59 | DEBUG   | ldc | move info: 16.0 , 0.0
2026-01-28 12:23:59 | DEBUG   | ldc | move_rel clicked
2026-01-28 12:23:59 | DEBUG   | ldc | move info: 21.33333333333335 , 0.0
2026-01-28 12:23:59 | DEBUG   | ldc | move_rel clicked
2026-01-28 12:23:59 | DEBUG   | ldc | move info: 18.666666666666654 , 0.0
2026-01-28 12:23:59 | DEBUG   | ldc | move_rel clicked
2026-01-28 12:23:59 | DEBUG   | ldc | move info: 16.53333333333335 , 0.0
2026-01-28 12:23:59 | DEBUG   | ldc | move_rel clicked
2026-01-28 12:23:59 | DEBUG   | ldc | move info: 14.933333333333303 , 0.0
2026-01-28 12:23:59 | DEBUG   | ldc | move_rel clicked
2026-01-28 12:23:59 | DEBUG   | ldc | move info: 13.333333333333304 , 0.5333333333332121
2026-01-28 12:23:59 | DEBUG   | ldc | move_rel clicked
2026-01-28 12:23:59 | DEBUG   | ldc | move info: 10.666666666666698 , 1.6
2026-01-28 12:23:59 | DEBUG   | ldc | move_rel clicked
2026-01-28 12:23:59 | DEBUG   | ldc | move info: 7.466666666666697 , 1.6
2026-01-28 12:23:59 | DEBUG   | ldc | move_rel clicked
2026-01-28 12:23:59 | DEBUG   | ldc | move info: 2.666666666666606 , 2.133333333333394
2026-01-28 12:23:59 | DEBUG   | ldc | move_rel clicked
2026-01-28 12:23:59 | DEBUG   | ldc | move info: 1.066666666666697 , 1.6
2026-01-28 12:23:59 | DEBUG   | ldc | move_rel clicked
2026-01-28 12:23:59 | DEBUG   | ldc | move info: -0.533333333333303 , 1.6
2026-01-28 12:23:59 | DEBUG   | ldc | move_rel clicked
2026-01-28 12:23:59 | DEBUG   | ldc | move info: 0.0 , 0.5333333333333939
2026-01-28 12:23:59 | DEBUG   | ldc | move_rel clicked
2026-01-28 12:23:59 | DEBUG   | ldc | move info: 0.0 , 0.5333333333332121
2026-01-28 12:23:59 | DEBUG   | ldc | move_rel clicked
2026-01-28 12:23:59 | DEBUG   | ldc | move info: -0.5333333333333939 , 0.0
2026-01-28 12:23:59 | DEBUG   | ldc | move_rel clicked
2026-01-28 12:23:59 | DEBUG   | ldc | move info: -0.533333333333303 , 0.0
2026-01-28 12:23:59 | DEBUG   | ldc | move_rel clicked
2026-01-28 12:23:59 | DEBUG   | ldc | move info: -1.6 , 0.5333333333333939
2026-01-28 12:23:59 | DEBUG   | ldc | move_rel clicked
2026-01-28 12:23:59 | DEBUG   | ldc | move info: -2.133333333333303 , 0.0
2026-01-28 12:23:59 | DEBUG   | ldc | move_rel clicked
2026-01-28 12:23:59 | DEBUG   | ldc | move info: -2.666666666666697 , 0.0
2026-01-28 12:23:59 | DEBUG   | ldc | move_rel clicked
2026-01-28 12:23:59 | DEBUG   | ldc | move info: -2.666666666666697 , 0.0
2026-01-28 12:23:59 | DEBUG   | ldc | move_rel clicked
2026-01-28 12:23:59 | DEBUG   | ldc | move info: -3.2 , 0.0
2026-01-28 12:23:59 | DEBUG   | ldc | move_rel clicked
2026-01-28 12:23:59 | DEBUG   | ldc | move info: -3.733333333333303 , 0.0
2026-01-28 12:23:59 | DEBUG   | ldc | move_rel clicked
2026-01-28 12:23:59 | DEBUG   | ldc | move info: -4.266666666666697 , 0.0
2026-01-28 12:23:59 | DEBUG   | ldc | move_rel clicked
2026-01-28 12:23:59 | DEBUG   | ldc | move info: -3.2 , 0.0
2026-01-28 12:23:59 | DEBUG   | ldc | move_rel clicked
2026-01-28 12:23:59 | DEBUG   | ldc | move info: -2.133333333333303 , 0.0
2026-01-28 12:23:59 | DEBUG   | ldc | move_rel clicked
2026-01-28 12:23:59 | DEBUG   | ldc | move info: -2.133333333333303 , 0.0
2026-01-28 12:23:59 | DEBUG   | ldc | move_rel clicked
2026-01-28 12:23:59 | DEBUG   | ldc | move info: -1.066666666666697 , 0.0
2026-01-28 12:23:59 | DEBUG   | ldc | move_rel clicked
2026-01-28 12:23:59 | DEBUG   | ldc | move info: 0.0 , 0.5333333333333939
2026-01-28 12:23:59 | DEBUG   | ldc | move_rel clicked
2026-01-28 12:23:59 | DEBUG   | ldc | move info: 0.0 , 0.5333333333332121
2026-01-28 12:23:59 | DEBUG   | ldc | move_rel clicked
2026-01-28 12:23:59 | DEBUG   | ldc | move info: 0.0 , 0.5333333333333939
2026-01-28 12:23:59 | DEBUG   | ldc | move_rel clicked
2026-01-28 12:23:59 | DEBUG   | ldc | move info: 0.0 , 1.066666666666606
2026-01-28 12:23:59 | DEBUG   | ldc | move_rel clicked
2026-01-28 12:24:00 | DEBUG   | ldc | right_click clicked
2026-01-28 12:24:00 | DEBUG   | ldc | move info: 0.0 , 0.0
2026-01-28 12:24:00 | DEBUG   | ldc | move_rel clicked
2026-01-28 12:24:01 | DEBUG   | ldc | move info: 15.466666666666697 , 21.866666666666788
2026-01-28 12:24:01 | DEBUG   | ldc | move_rel clicked
2026-01-28 12:24:01 | DEBUG   | ldc | move info: 0.0 , 0.0
2026-01-28 12:24:01 | DEBUG   | ldc | move_rel clicked
2026-01-28 12:24:01 | DEBUG   | ldc | move info: 12.8 , 19.200000000000003
2026-01-28 12:24:01 | DEBUG   | ldc | move_rel clicked
2026-01-28 12:24:01 | DEBUG   | ldc | move info: 11.200000000000001 , 21.866666666666607
2026-01-28 12:24:01 | DEBUG   | ldc | move_rel clicked
2026-01-28 12:24:01 | DEBUG   | ldc | move info: 11.200000000000001 , 24.533333333333395
2026-01-28 12:24:01 | DEBUG   | ldc | move_rel clicked
2026-01-28 12:24:01 | DEBUG   | ldc | move info: 12.266666666666607 , 25.066666666666606
2026-01-28 12:24:01 | DEBUG   | ldc | move_rel clicked
2026-01-28 12:24:01 | DEBUG   | ldc | move info: 15.466666666666697 , 24.533333333333395
2026-01-28 12:24:01 | DEBUG   | ldc | move_rel clicked
2026-01-28 12:24:01 | DEBUG   | ldc | move info: 18.666666666666696 , 21.866666666666607
2026-01-28 12:24:01 | DEBUG   | ldc | move_rel clicked
2026-01-28 12:24:01 | DEBUG   | ldc | move info: 19.733333333333306 , 17.066666666666606
2026-01-28 12:24:01 | DEBUG   | ldc | move_rel clicked
2026-01-28 12:24:01 | DEBUG   | ldc | move info: 19.200000000000003 , 10.666666666666789
2026-01-28 12:24:01 | DEBUG   | ldc | move_rel clicked
2026-01-28 12:24:01 | DEBUG   | ldc | move info: 9.600000000000001 , 3.733333333333212
2026-01-28 12:24:01 | DEBUG   | ldc | move_rel clicked
2026-01-28 12:24:01 | DEBUG   | ldc | move info: -5.333333333333304 , 7.466666666666606
2026-01-28 12:24:01 | DEBUG   | ldc | move_rel clicked
2026-01-28 12:24:01 | DEBUG   | ldc | move info: 0.0 , 0.0
2026-01-28 12:24:01 | DEBUG   | ldc | move_rel clicked
2026-01-28 12:24:01 | DEBUG   | ldc | move info: 0.0 , 11.733333333333395
2026-01-28 12:24:01 | DEBUG   | ldc | move_rel clicked
2026-01-28 12:24:01 | DEBUG   | ldc | move info: 0.0 , 3.2
2026-01-28 12:24:01 | DEBUG   | ldc | move_rel clicked
2026-01-28 12:24:01 | DEBUG   | ldc | move info: -2.1333333333333484 , 13.866666666666607
2026-01-28 12:24:01 | DEBUG   | ldc | move_rel clicked
2026-01-28 12:24:01 | DEBUG   | ldc | move info: -2.666666666666652 , 20.8
2026-01-28 12:24:01 | DEBUG   | ldc | move_rel clicked
2026-01-28 12:24:01 | DEBUG   | ldc | move info: -1.6 , 18.133333333333393
2026-01-28 12:24:01 | DEBUG   | ldc | move_rel clicked
2026-01-28 12:24:01 | DEBUG   | ldc | move info: -1.066666666666697 , 14.933333333333394
2026-01-28 12:24:01 | DEBUG   | ldc | move_rel clicked
2026-01-28 12:24:01 | DEBUG   | ldc | move info: 0.0 , 11.200000000000001
2026-01-28 12:24:01 | DEBUG   | ldc | move_rel clicked
2026-01-28 12:24:01 | DEBUG   | ldc | move info: 0.0 , 8.533333333333212
2026-01-28 12:24:01 | DEBUG   | ldc | move_rel clicked
2026-01-28 12:24:01 | DEBUG   | ldc | move info: 0.0 , 6.4
2026-01-28 12:24:01 | DEBUG   | ldc | move_rel clicked
2026-01-28 12:24:01 | DEBUG   | ldc | move info: 0.0 , 3.7333333333333942
2026-01-28 12:24:01 | DEBUG   | ldc | move_rel clicked
2026-01-28 12:24:01 | DEBUG   | ldc | move info: -0.533333333333303 , 1.6
2026-01-28 12:24:01 | DEBUG   | ldc | move_rel clicked
2026-01-28 12:24:01 | DEBUG   | ldc | move info: -0.5333333333333485 , 1.066666666666606
2026-01-28 12:24:01 | DEBUG   | ldc | move_rel clicked
2026-01-28 12:24:01 | DEBUG   | ldc | move info: -0.5333333333333485 , 0.0
2026-01-28 12:24:01 | DEBUG   | ldc | move_rel clicked
2026-01-28 12:24:01 | DEBUG   | ldc | move info: -0.533333333333303 , 0.0
2026-01-28 12:24:01 | DEBUG   | ldc | move_rel clicked
2026-01-28 12:24:01 | DEBUG   | ldc | move info: -0.5333333333333485 , 0.0
2026-01-28 12:24:01 | DEBUG   | ldc | move_rel clicked
2026-01-28 12:24:01 | DEBUG   | ldc | move info: -0.5333333333333485 , 0.0
2026-01-28 12:24:01 | DEBUG   | ldc | move_rel clicked
2026-01-28 12:24:02 | DEBUG   | ldc | move info: -0.533333333333303 , 0.0
2026-01-28 12:24:02 | DEBUG   | ldc | move_rel clicked
2026-01-28 12:24:02 | DEBUG   | ldc | move info: -0.5333333333333485 , 0.0
2026-01-28 12:24:02 | DEBUG   | ldc | move_rel clicked
2026-01-28 12:24:02 | DEBUG   | ldc | move info: 0.0 , -1.6
2026-01-28 12:24:02 | DEBUG   | ldc | move_rel clicked
2026-01-28 12:24:02 | DEBUG   | ldc | move info: -0.5333333333333485 , -2.133333333333212
2026-01-28 12:24:02 | DEBUG   | ldc | move_rel clicked
2026-01-28 12:24:02 | DEBUG   | ldc | move info: 0.0 , -3.2
2026-01-28 12:24:02 | DEBUG   | ldc | move_rel clicked
2026-01-28 12:24:02 | DEBUG   | ldc | move info: 0.0 , -4.266666666666788
2026-01-28 12:24:02 | DEBUG   | ldc | move_rel clicked
2026-01-28 12:24:02 | DEBUG   | ldc | move info: 0.0 , -5.333333333333212
2026-01-28 12:24:02 | DEBUG   | ldc | move_rel clicked
2026-01-28 12:24:02 | DEBUG   | ldc | move info: 0.0 , -6.933333333333394
2026-01-28 12:24:02 | DEBUG   | ldc | move_rel clicked
2026-01-28 12:24:02 | DEBUG   | ldc | move info: 0.0 , -6.933333333333394
2026-01-28 12:24:02 | DEBUG   | ldc | move_rel clicked
2026-01-28 12:24:02 | DEBUG   | ldc | move info: 0.0 , -7.466666666666606
2026-01-28 12:24:02 | DEBUG   | ldc | move_rel clicked
2026-01-28 12:24:02 | DEBUG   | ldc | move info: 0.0 , -5.866666666666607
2026-01-28 12:24:02 | DEBUG   | ldc | move_rel clicked
2026-01-28 12:24:02 | DEBUG   | ldc | move info: 0.0 , -6.4
2026-01-28 12:24:02 | DEBUG   | ldc | move_rel clicked
2026-01-28 12:24:02 | DEBUG   | ldc | move info: 0.0 , -5.333333333333394
2026-01-28 12:24:02 | DEBUG   | ldc | move_rel clicked
2026-01-28 12:24:02 | DEBUG   | ldc | move info: 0.0 , -5.333333333333394
2026-01-28 12:24:02 | DEBUG   | ldc | move_rel clicked
2026-01-28 12:24:02 | DEBUG   | ldc | move info: 0.0 , -4.800000000000001
2026-01-28 12:24:02 | DEBUG   | ldc | move_rel clicked
2026-01-28 12:24:02 | DEBUG   | ldc | move info: 0.0 , -5.333333333333212
2026-01-28 12:24:02 | DEBUG   | ldc | move_rel clicked
2026-01-28 12:24:02 | DEBUG   | ldc | move info: 0.0 , -5.333333333333394
2026-01-28 12:24:02 | DEBUG   | ldc | move_rel clicked
2026-01-28 12:24:02 | DEBUG   | ldc | move info: 0.0 , -4.266666666666606
2026-01-28 12:24:02 | DEBUG   | ldc | move_rel clicked
2026-01-28 12:24:02 | DEBUG   | ldc | move info: 0.0 , -4.266666666666788
2026-01-28 12:24:02 | DEBUG   | ldc | move_rel clicked
2026-01-28 12:24:02 | DEBUG   | ldc | move info: 0.0 , -3.733333333333212
2026-01-28 12:24:02 | DEBUG   | ldc | move_rel clicked
2026-01-28 12:24:02 | DEBUG   | ldc | move info: 0.0 , -3.2
2026-01-28 12:24:02 | DEBUG   | ldc | move_rel clicked
2026-01-28 12:24:02 | DEBUG   | ldc | move info: 0.0 , -4.800000000000001
2026-01-28 12:24:02 | DEBUG   | ldc | move_rel clicked
2026-01-28 12:24:02 | DEBUG   | ldc | move info: 0.0 , -4.266666666666788
2026-01-28 12:24:02 | DEBUG   | ldc | move_rel clicked
2026-01-28 12:24:02 | DEBUG   | ldc | move info: 0.0 , -5.333333333333212
2026-01-28 12:24:02 | DEBUG   | ldc | move_rel clicked
2026-01-28 12:24:02 | DEBUG   | ldc | move info: 0.0 , -4.800000000000001
2026-01-28 12:24:02 | DEBUG   | ldc | move_rel clicked
2026-01-28 12:24:02 | DEBUG   | ldc | move info: 0.0 , -3.7333333333333942
2026-01-28 12:24:02 | DEBUG   | ldc | move_rel clicked
2026-01-28 12:24:02 | DEBUG   | ldc | move info: 0.0 , -4.266666666666606
2026-01-28 12:24:02 | DEBUG   | ldc | move_rel clicked
2026-01-28 12:24:02 | DEBUG   | ldc | move info: 0.5333333333333485 , -3.7333333333333942
2026-01-28 12:24:02 | DEBUG   | ldc | move_rel clicked
2026-01-28 12:24:02 | DEBUG   | ldc | move info: 0.5333333333333485 , -3.2
2026-01-28 12:24:02 | DEBUG   | ldc | move_rel clicked
2026-01-28 12:24:02 | DEBUG   | ldc | move info: 0.533333333333303 , -3.2
2026-01-28 12:24:02 | DEBUG   | ldc | move_rel clicked
2026-01-28 12:24:02 | DEBUG   | ldc | move info: 0.5333333333333485 , -2.133333333333394
2026-01-28 12:24:02 | DEBUG   | ldc | move_rel clicked
2026-01-28 12:24:02 | DEBUG   | ldc | move info: 0.0 , -1.6
2026-01-28 12:24:02 | DEBUG   | ldc | move_rel clicked
2026-01-28 12:24:02 | DEBUG   | ldc | move info: 0.5333333333333485 , -0.5333333333332121
2026-01-28 12:24:02 | DEBUG   | ldc | move_rel clicked
2026-01-28 12:24:02 | DEBUG   | ldc | move info: 0.0 , 0.5333333333332121
2026-01-28 12:24:02 | DEBUG   | ldc | move_rel clicked
2026-01-28 12:24:02 | DEBUG   | ldc | move info: 0.0 , 2.666666666666788
2026-01-28 12:24:02 | DEBUG   | ldc | move_rel clicked
2026-01-28 12:24:02 | DEBUG   | ldc | move info: 0.0 , 3.733333333333212
2026-01-28 12:24:02 | DEBUG   | ldc | move_rel clicked
2026-01-28 12:24:02 | DEBUG   | ldc | move info: 0.0 , 4.800000000000001
2026-01-28 12:24:02 | DEBUG   | ldc | move_rel clicked
2026-01-28 12:24:02 | DEBUG   | ldc | move info: -1.066666666666697 , 5.866666666666788
2026-01-28 12:24:02 | DEBUG   | ldc | move_rel clicked
2026-01-28 12:24:02 | DEBUG   | ldc | move info: -1.6 , 6.933333333333213
2026-01-28 12:24:02 | DEBUG   | ldc | move_rel clicked
2026-01-28 12:24:02 | DEBUG   | ldc | move info: -2.133333333333303 , 8.0
2026-01-28 12:24:02 | DEBUG   | ldc | move_rel clicked
2026-01-28 12:24:02 | DEBUG   | ldc | move info: -1.6 , 8.533333333333394
2026-01-28 12:24:02 | DEBUG   | ldc | move_rel clicked
2026-01-28 12:24:02 | DEBUG   | ldc | move info: -1.066666666666697 , 8.0
2026-01-28 12:24:02 | DEBUG   | ldc | move_rel clicked
2026-01-28 12:24:02 | DEBUG   | ldc | move info: -1.0666666666666516 , 8.0
2026-01-28 12:24:02 | DEBUG   | ldc | move_rel clicked
2026-01-28 12:24:02 | DEBUG   | ldc | move info: -1.0666666666666516 , 7.466666666666606
2026-01-28 12:24:02 | DEBUG   | ldc | move_rel clicked
2026-01-28 12:24:02 | DEBUG   | ldc | move info: -0.5333333333333485 , 6.933333333333394
2026-01-28 12:24:02 | DEBUG   | ldc | move_rel clicked
2026-01-28 12:24:02 | DEBUG   | ldc | move info: -0.5333333333333485 , 6.933333333333394
2026-01-28 12:24:02 | DEBUG   | ldc | move_rel clicked
2026-01-28 12:24:02 | DEBUG   | ldc | move info: -1.0666666666666516 , 5.866666666666607
2026-01-28 12:24:02 | DEBUG   | ldc | move_rel clicked
2026-01-28 12:24:02 | DEBUG   | ldc | move info: -0.5333333333333485 , 5.866666666666607
2026-01-28 12:24:02 | DEBUG   | ldc | move_rel clicked
2026-01-28 12:24:02 | DEBUG   | ldc | move info: -0.533333333333303 , 4.800000000000001
2026-01-28 12:24:02 | DEBUG   | ldc | move_rel clicked
2026-01-28 12:24:02 | DEBUG   | ldc | move info: -0.5333333333333485 , 4.266666666666788
2026-01-28 12:24:02 | DEBUG   | ldc | move_rel clicked
2026-01-28 12:24:02 | DEBUG   | ldc | move info: -0.5333333333333485 , 3.733333333333212
2026-01-28 12:24:03 | DEBUG   | ldc | move_rel clicked
2026-01-28 12:24:03 | DEBUG   | ldc | move info: -0.533333333333303 , 3.2
2026-01-28 12:24:03 | DEBUG   | ldc | move_rel clicked
2026-01-28 12:24:03 | DEBUG   | ldc | move info: 0.0 , 2.666666666666788
2026-01-28 12:24:03 | DEBUG   | ldc | move_rel clicked
2026-01-28 12:24:03 | DEBUG   | ldc | move info: 0.0 , 3.733333333333212
2026-01-28 12:24:03 | DEBUG   | ldc | move_rel clicked
2026-01-28 12:24:03 | DEBUG   | ldc | move info: -0.5333333333333485 , 4.266666666666788
2026-01-28 12:24:03 | DEBUG   | ldc | move_rel clicked
2026-01-28 12:24:03 | DEBUG   | ldc | move info: 0.0 , 3.733333333333212
2026-01-28 12:24:03 | DEBUG   | ldc | move_rel clicked
2026-01-28 12:24:03 | DEBUG   | ldc | move info: 0.0 , 5.333333333333394
2026-01-28 12:24:03 | DEBUG   | ldc | move_rel clicked
2026-01-28 12:24:03 | DEBUG   | ldc | move info: -0.5333333333333485 , 5.866666666666607
2026-01-28 12:24:03 | DEBUG   | ldc | move_rel clicked
2026-01-28 12:24:03 | DEBUG   | ldc | move info: -0.533333333333303 , 6.4
2026-01-28 12:24:03 | DEBUG   | ldc | move_rel clicked
2026-01-28 12:24:03 | DEBUG   | ldc | move info: 0.0 , 6.933333333333394
2026-01-28 12:24:03 | DEBUG   | ldc | move_rel clicked
2026-01-28 12:24:03 | DEBUG   | ldc | move info: -0.5333333333333485 , 7.466666666666606
2026-01-28 12:24:03 | DEBUG   | ldc | move_rel clicked
2026-01-28 12:24:03 | DEBUG   | ldc | move info: 0.0 , 6.4
2026-01-28 12:24:03 | DEBUG   | ldc | move_rel clicked
2026-01-28 12:24:03 | DEBUG   | ldc | move info: 0.0 , 6.4
2026-01-28 12:24:03 | DEBUG   | ldc | move_rel clicked
2026-01-28 12:24:03 | DEBUG   | ldc | move info: 0.0 , 5.866666666666788
2026-01-28 12:24:03 | DEBUG   | ldc | move_rel clicked
2026-01-28 12:24:03 | DEBUG   | ldc | move info: 0.0 , 5.866666666666607
2026-01-28 12:24:03 | DEBUG   | ldc | move_rel clicked
2026-01-28 12:24:03 | DEBUG   | ldc | move info: 0.0 , 4.266666666666606
2026-01-28 12:24:03 | DEBUG   | ldc | move_rel clicked
2026-01-28 12:24:03 | DEBUG   | ldc | move info: 0.0 , 3.7333333333333942
2026-01-28 12:24:03 | DEBUG   | ldc | move_rel clicked
2026-01-28 12:24:03 | DEBUG   | ldc | move info: 0.0 , 2.666666666666606
2026-01-28 12:24:03 | DEBUG   | ldc | move_rel clicked
2026-01-28 12:24:03 | DEBUG   | ldc | move info: 0.0 , 1.0666666666667879
2026-01-28 12:24:03 | DEBUG   | ldc | move_rel clicked
2026-01-28 12:24:03 | DEBUG   | ldc | move info: 0.0 , -1.0666666666667879
2026-01-28 12:24:03 | DEBUG   | ldc | move_rel clicked
2026-01-28 12:24:03 | DEBUG   | ldc | move info: 0.0 , -2.133333333333212
2026-01-28 12:24:03 | DEBUG   | ldc | move_rel clicked
2026-01-28 12:24:03 | DEBUG   | ldc | move info: 0.0 , -4.266666666666788
2026-01-28 12:24:03 | DEBUG   | ldc | move_rel clicked
2026-01-28 12:24:03 | DEBUG   | ldc | move info: 0.0 , -5.866666666666607
2026-01-28 12:24:03 | DEBUG   | ldc | move_rel clicked
2026-01-28 12:24:03 | DEBUG   | ldc | move info: 0.0 , -7.466666666666606
2026-01-28 12:24:03 | DEBUG   | ldc | move_rel clicked
2026-01-28 12:24:03 | DEBUG   | ldc | move info: 0.0 , -8.533333333333394
2026-01-28 12:24:03 | DEBUG   | ldc | move_rel clicked
2026-01-28 12:24:03 | DEBUG   | ldc | move info: 0.5333333333333485 , -9.066666666666606
2026-01-28 12:24:03 | DEBUG   | ldc | move_rel clicked
2026-01-28 12:24:03 | DEBUG   | ldc | move info: 0.533333333333303 , -9.600000000000001
2026-01-28 12:24:03 | DEBUG   | ldc | move_rel clicked
2026-01-28 12:24:03 | DEBUG   | ldc | move info: 0.5333333333333485 , -9.600000000000001
2026-01-28 12:24:03 | DEBUG   | ldc | move_rel clicked
2026-01-28 12:24:03 | DEBUG   | ldc | move info: 0.5333333333333485 , -8.0
2026-01-28 12:24:03 | DEBUG   | ldc | move_rel clicked
2026-01-28 12:24:03 | DEBUG   | ldc | move info: 1.0666666666666516 , -7.4666666666667885
2026-01-28 12:24:03 | DEBUG   | ldc | move_rel clicked
2026-01-28 12:24:03 | DEBUG   | ldc | move info: 0.0 , -6.4
2026-01-28 12:24:03 | DEBUG   | ldc | move_rel clicked
2026-01-28 12:24:03 | DEBUG   | ldc | move info: 0.5333333333333485 , -5.333333333333212
2026-01-28 12:24:03 | DEBUG   | ldc | move_rel clicked
2026-01-28 12:24:03 | DEBUG   | ldc | move info: 0.533333333333303 , -5.333333333333394
2026-01-28 12:24:03 | DEBUG   | ldc | move_rel clicked
2026-01-28 12:24:03 | DEBUG   | ldc | move info: 0.0 , -3.7333333333333942
2026-01-28 12:24:03 | DEBUG   | ldc | move_rel clicked
2026-01-28 12:24:03 | DEBUG   | ldc | move info: 0.0 , -3.2
2026-01-28 12:24:03 | DEBUG   | ldc | move_rel clicked
2026-01-28 12:24:03 | DEBUG   | ldc | move info: 0.0 , -2.133333333333212
2026-01-28 12:24:03 | DEBUG   | ldc | move_rel clicked
2026-01-28 12:24:03 | DEBUG   | ldc | move info: 0.0 , -2.133333333333394
2026-01-28 12:24:03 | DEBUG   | ldc | move_rel clicked
2026-01-28 12:24:03 | DEBUG   | ldc | move info: 0.0 , -1.066666666666606
2026-01-28 12:24:03 | DEBUG   | ldc | move_rel clicked
2026-01-28 12:24:03 | DEBUG   | ldc | move info: 0.0 , -1.6
2026-01-28 12:24:03 | DEBUG   | ldc | move_rel clicked
2026-01-28 12:24:03 | DEBUG   | ldc | move info: 0.0 , -2.133333333333394
2026-01-28 12:24:03 | DEBUG   | ldc | move_rel clicked
2026-01-28 12:24:03 | DEBUG   | ldc | move info: 0.0 , -1.6
2026-01-28 12:24:03 | DEBUG   | ldc | move_rel clicked
2026-01-28 12:24:03 | DEBUG   | ldc | move info: 0.5333333333333485 , -3.2
2026-01-28 12:24:03 | DEBUG   | ldc | move_rel clicked
2026-01-28 12:24:03 | DEBUG   | ldc | move info: 0.0 , -2.666666666666606
2026-01-28 12:24:03 | DEBUG   | ldc | move_rel clicked
2026-01-28 12:24:03 | DEBUG   | ldc | move info: 0.5333333333333485 , -3.2
2026-01-28 12:24:03 | DEBUG   | ldc | move_rel clicked
2026-01-28 12:24:03 | DEBUG   | ldc | move info: 0.533333333333303 , -3.2
2026-01-28 12:24:03 | DEBUG   | ldc | move_rel clicked
2026-01-28 12:24:03 | DEBUG   | ldc | move info: 0.5333333333333485 , -4.266666666666788
2026-01-28 12:24:03 | DEBUG   | ldc | move_rel clicked
2026-01-28 12:24:03 | DEBUG   | ldc | move info: 0.0 , -4.266666666666606
2026-01-28 12:24:03 | DEBUG   | ldc | move_rel clicked
2026-01-28 12:24:03 | DEBUG   | ldc | move info: 0.5333333333333485 , -4.266666666666606
2026-01-28 12:24:03 | DEBUG   | ldc | move_rel clicked
2026-01-28 12:24:03 | DEBUG   | ldc | move info: 1.0666666666666516 , -4.800000000000001
2026-01-28 12:24:03 | DEBUG   | ldc | move_rel clicked
2026-01-28 12:24:03 | DEBUG   | ldc | move info: 0.5333333333333485 , -4.800000000000001
2026-01-28 12:24:03 | DEBUG   | ldc | move_rel clicked
2026-01-28 12:24:03 | DEBUG   | ldc | move info: 0.533333333333303 , -3.7333333333333942
2026-01-28 12:24:03 | DEBUG   | ldc | move_rel clicked
2026-01-28 12:24:03 | DEBUG   | ldc | move info: 0.5333333333333485 , -3.7333333333333942
2026-01-28 12:24:03 | DEBUG   | ldc | move_rel clicked
2026-01-28 12:24:03 | DEBUG   | ldc | move info: 0.5333333333333485 , -3.733333333333212
2026-01-28 12:24:03 | DEBUG   | ldc | move_rel clicked
2026-01-28 12:24:03 | DEBUG   | ldc | move info: 0.533333333333303 , -3.2
2026-01-28 12:24:03 | DEBUG   | ldc | move_rel clicked
2026-01-28 12:24:03 | DEBUG   | ldc | move info: 0.5333333333333485 , -4.266666666666788
2026-01-28 12:24:04 | DEBUG   | ldc | move_rel clicked
2026-01-28 12:24:04 | DEBUG   | ldc | move info: 0.5333333333333485 , -3.733333333333212
2026-01-28 12:24:04 | DEBUG   | ldc | move_rel clicked
2026-01-28 12:24:04 | DEBUG   | ldc | move info: 0.533333333333303 , -3.7333333333333942
2026-01-28 12:24:04 | DEBUG   | ldc | move_rel clicked
2026-01-28 12:24:04 | DEBUG   | ldc | move info: 1.066666666666697 , -3.2
2026-01-28 12:24:04 | DEBUG   | ldc | move_rel clicked
2026-01-28 12:24:04 | DEBUG   | ldc | move info: 0.533333333333303 , -3.7333333333333942
2026-01-28 12:24:04 | DEBUG   | ldc | move_rel clicked
2026-01-28 12:24:04 | DEBUG   | ldc | move info: 0.5333333333333485 , -3.2
2026-01-28 12:24:04 | DEBUG   | ldc | move_rel clicked
2026-01-28 12:24:04 | DEBUG   | ldc | move info: 0.5333333333333485 , -3.2
2026-01-28 12:24:04 | DEBUG   | ldc | move_rel clicked
2026-01-28 12:24:04 | DEBUG   | ldc | move info: 0.533333333333303 , -3.2
2026-01-28 12:24:04 | DEBUG   | ldc | move_rel clicked
2026-01-28 12:24:04 | DEBUG   | ldc | move info: 0.5333333333333485 , -2.666666666666606
2026-01-28 12:24:04 | DEBUG   | ldc | move_rel clicked
2026-01-28 12:24:04 | DEBUG   | ldc | move info: 0.0 , -2.666666666666606
2026-01-28 12:24:04 | DEBUG   | ldc | move_rel clicked
2026-01-28 12:24:04 | DEBUG   | ldc | move info: 0.0 , -2.133333333333394
2026-01-28 12:24:04 | DEBUG   | ldc | move_rel clicked
2026-01-28 12:24:04 | DEBUG   | ldc | move info: 0.0 , -1.066666666666606
2026-01-28 12:24:04 | DEBUG   | ldc | move_rel clicked
2026-01-28 12:24:04 | DEBUG   | ldc | move info: 0.5333333333333485 , -0.5333333333333939
2026-01-28 12:24:04 | DEBUG   | ldc | move_rel clicked
2026-01-28 12:24:04 | DEBUG   | ldc | move info: 0.0 , -0.5333333333333939
2026-01-28 12:24:04 | DEBUG   | ldc | move_rel clicked
2026-01-28 12:24:04 | DEBUG   | ldc | move info: 0.0 , -0.5333333333332121
2026-01-28 12:24:04 | DEBUG   | ldc | move_rel clicked
2026-01-28 12:24:04 | DEBUG   | ldc | move info: 0.0 , -0.5333333333333939
2026-01-28 12:24:04 | DEBUG   | ldc | move_rel clicked
2026-01-28 12:24:04 | DEBUG   | ldc | move info: 0.0 , -0.5333333333333939
2026-01-28 12:24:04 | DEBUG   | ldc | move_rel clicked
2026-01-28 12:24:04 | DEBUG   | ldc | move info: 0.0 , -0.5333333333332121
2026-01-28 12:24:04 | DEBUG   | ldc | move_rel clicked
2026-01-28 12:24:04 | DEBUG   | ldc | move info: 0.0 , -0.5333333333333939
2026-01-28 12:24:04 | DEBUG   | ldc | move_rel clicked
2026-01-28 12:24:04 | DEBUG   | ldc | move info: 0.0 , -0.5333333333333939
2026-01-28 12:24:04 | DEBUG   | ldc | move_rel clicked
2026-01-28 12:24:04 | DEBUG   | ldc | move info: 0.0 , -0.5333333333332121
2026-01-28 12:24:04 | DEBUG   | ldc | move_rel clicked
2026-01-28 12:24:04 | DEBUG   | ldc | move info: 0.0 , -1.0666666666667879
2026-01-28 12:24:04 | DEBUG   | ldc | move_rel clicked
2026-01-28 12:24:04 | DEBUG   | ldc | move info: 0.533333333333303 , -2.133333333333212
2026-01-28 12:24:04 | DEBUG   | ldc | move_rel clicked
2026-01-28 12:24:04 | DEBUG   | ldc | move info: 0.5333333333333485 , -2.133333333333394
2026-01-28 12:24:04 | DEBUG   | ldc | move_rel clicked
2026-01-28 12:24:04 | DEBUG   | ldc | move info: 0.5333333333333485 , -2.133333333333394
2026-01-28 12:24:04 | DEBUG   | ldc | move_rel clicked
2026-01-28 12:24:04 | DEBUG   | ldc | move info: 0.0 , -1.6
2026-01-28 12:24:04 | DEBUG   | ldc | move_rel clicked
2026-01-28 12:24:04 | DEBUG   | ldc | move info: 0.0 , -1.6
2026-01-28 12:24:04 | DEBUG   | ldc | move_rel clicked
2026-01-28 12:24:04 | DEBUG   | ldc | move info: 0.0 , -1.6
2026-01-28 12:24:04 | DEBUG   | ldc | move_rel clicked
2026-01-28 12:24:04 | DEBUG   | ldc | move info: 0.0 , -1.066666666666606
2026-01-28 12:24:04 | DEBUG   | ldc | move_rel clicked
2026-01-28 12:24:04 | DEBUG   | ldc | move info: 0.0 , -1.066666666666606
2026-01-28 12:24:04 | DEBUG   | ldc | move_rel clicked
2026-01-28 12:24:04 | DEBUG   | ldc | move info: 0.0 , -1.0666666666667879
2026-01-28 12:24:04 | DEBUG   | ldc | move_rel clicked
2026-01-28 12:24:04 | DEBUG   | ldc | move info: 0.0 , -0.5333333333332121
2026-01-28 12:24:04 | DEBUG   | ldc | move_rel clicked
2026-01-28 12:24:04 | DEBUG   | ldc | move info: 0.0 , -1.0666666666667879
2026-01-28 12:24:04 | DEBUG   | ldc | move_rel clicked
2026-01-28 12:24:04 | DEBUG   | ldc | move info: 0.0 , -0.5333333333332121
2026-01-28 12:24:04 | DEBUG   | ldc | move_rel clicked
2026-01-28 12:24:04 | DEBUG   | ldc | move info: 0.0 , -1.0666666666667879
2026-01-28 12:24:04 | DEBUG   | ldc | move_rel clicked
2026-01-28 12:24:04 | DEBUG   | ldc | move info: 0.0 , -1.066666666666606
2026-01-28 12:24:04 | DEBUG   | ldc | move_rel clicked
2026-01-28 12:24:04 | DEBUG   | ldc | move info: 0.0 , -0.5333333333333939
2026-01-28 12:24:04 | DEBUG   | ldc | move_rel clicked
2026-01-28 12:24:04 | DEBUG   | ldc | move info: 0.0 , -1.6
2026-01-28 12:24:04 | DEBUG   | ldc | move_rel clicked
2026-01-28 12:24:04 | DEBUG   | ldc | move info: 0.533333333333303 , -1.066666666666606
2026-01-28 12:24:04 | DEBUG   | ldc | move_rel clicked
2026-01-28 12:24:04 | DEBUG   | ldc | move info: 0.0 , -2.133333333333394
2026-01-28 12:24:04 | DEBUG   | ldc | move_rel clicked
2026-01-28 12:24:04 | DEBUG   | ldc | move info: 0.0 , -1.6
2026-01-28 12:24:04 | DEBUG   | ldc | move_rel clicked
2026-01-28 12:24:04 | DEBUG   | ldc | move info: 0.0 , -1.6
2026-01-28 12:24:04 | DEBUG   | ldc | move_rel clicked
2026-01-28 12:24:04 | DEBUG   | ldc | move info: 0.0 , -2.133333333333212
2026-01-28 12:24:04 | DEBUG   | ldc | move_rel clicked
2026-01-28 12:24:04 | DEBUG   | ldc | move info: 0.0 , -1.0666666666667879
2026-01-28 12:24:04 | DEBUG   | ldc | move_rel clicked
2026-01-28 12:24:04 | DEBUG   | ldc | move info: 0.0 , -0.5333333333332121
2026-01-28 12:24:04 | DEBUG   | ldc | move_rel clicked
2026-01-28 12:24:04 | DEBUG   | ldc | move info: 0.0 , -1.0666666666667879
2026-01-28 12:24:04 | DEBUG   | ldc | move_rel clicked
2026-01-28 12:24:04 | DEBUG   | ldc | move info: 0.0 , -1.066666666666606
2026-01-28 12:24:05 | DEBUG   | ldc | move_rel clicked
2026-01-28 12:24:05 | DEBUG   | ldc | move info: 0.0 , -0.5333333333333939
2026-01-28 12:24:05 | DEBUG   | ldc | move_rel clicked
2026-01-28 12:24:05 | DEBUG   | ldc | move info: 0.5333333333333485 , 0.0
2026-01-28 12:24:05 | DEBUG   | ldc | move_rel clicked
2026-01-28 12:24:05 | DEBUG   | ldc | move info: 0.5333333333333485 , -1.6
2026-01-28 12:24:05 | DEBUG   | ldc | move_rel clicked
2026-01-28 12:24:05 | DEBUG   | ldc | move info: 1.0666666666666516 , -2.133333333333212
2026-01-28 12:24:05 | DEBUG   | ldc | move_rel clicked
2026-01-28 12:24:05 | DEBUG   | ldc | move info: 0.5333333333333485 , -3.7333333333333942
2026-01-28 12:24:05 | DEBUG   | ldc | move_rel clicked
2026-01-28 12:24:05 | DEBUG   | ldc | move info: 1.0666666666666516 , -3.2
2026-01-28 12:24:05 | DEBUG   | ldc | move_rel clicked
2026-01-28 12:24:05 | DEBUG   | ldc | move info: 0.5333333333333485 , -3.2
2026-01-28 12:24:05 | DEBUG   | ldc | move_rel clicked
2026-01-28 12:24:05 | DEBUG   | ldc | move info: 0.533333333333303 , -3.2
2026-01-28 12:24:05 | DEBUG   | ldc | move_rel clicked
2026-01-28 12:24:05 | DEBUG   | ldc | move info: 0.5333333333333485 , -2.666666666666606
2026-01-28 12:24:05 | DEBUG   | ldc | move_rel clicked
2026-01-28 12:24:05 | DEBUG   | ldc | move info: 0.5333333333333485 , -2.666666666666788
2026-01-28 12:24:05 | DEBUG   | ldc | move_rel clicked
2026-01-28 12:24:05 | DEBUG   | ldc | move info: 0.533333333333303 , -1.6
2026-01-28 12:24:05 | DEBUG   | ldc | move_rel clicked
2026-01-28 12:24:05 | DEBUG   | ldc | move info: 0.5333333333333485 , -2.666666666666606
2026-01-28 12:24:05 | DEBUG   | ldc | move_rel clicked
2026-01-28 12:24:05 | DEBUG   | ldc | move info: 0.5333333333333485 , -1.6
2026-01-28 12:24:05 | DEBUG   | ldc | move_rel clicked
2026-01-28 12:24:05 | DEBUG   | ldc | move info: 0.0 , -1.6
2026-01-28 12:24:05 | DEBUG   | ldc | move_rel clicked
2026-01-28 12:24:05 | DEBUG   | ldc | move info: 0.533333333333303 , -1.066666666666606
2026-01-28 12:24:05 | DEBUG   | ldc | move_rel clicked
2026-01-28 12:24:05 | DEBUG   | ldc | move info: 0.0 , -0.5333333333333939
2026-01-28 12:24:05 | DEBUG   | ldc | move_rel clicked
2026-01-28 12:24:05 | DEBUG   | ldc | move info: 0.0 , -0.5333333333333939
2026-01-28 12:24:05 | DEBUG   | ldc | move_rel clicked
2026-01-28 12:24:05 | DEBUG   | ldc | move info: 0.5333333333333485 , 0.0
2026-01-28 12:24:05 | DEBUG   | ldc | move_rel clicked
2026-01-28 12:24:05 | DEBUG   | ldc | move info: 0.5333333333333485 , 0.0
2026-01-28 12:24:05 | DEBUG   | ldc | move_rel clicked
2026-01-28 12:24:05 | DEBUG   | ldc | click event type=click
2026-01-28 12:24:06 | DEBUG   | ldc | move info: -25.6 , -1.0666666666667879
2026-01-28 12:24:06 | DEBUG   | ldc | move_rel clicked
2026-01-28 12:24:06 | DEBUG   | ldc | move info: 0.0 , 0.0
2026-01-28 12:24:06 | DEBUG   | ldc | move_rel clicked
2026-01-28 12:24:06 | DEBUG   | ldc | move info: -4.266666666666606 , 0.0
2026-01-28 12:24:07 | DEBUG   | ldc | move_rel clicked
2026-01-28 12:24:07 | DEBUG   | ldc | move info: -13.866666666666697 , 0.0
2026-01-28 12:24:07 | DEBUG   | ldc | move_rel clicked
2026-01-28 12:24:07 | DEBUG   | ldc | move info: -21.333333333333304 , -2.666666666666606
2026-01-28 12:24:07 | DEBUG   | ldc | move_rel clicked
2026-01-28 12:24:07 | DEBUG   | ldc | move info: -26.6666666666667 , -6.4
2026-01-28 12:24:07 | DEBUG   | ldc | move_rel clicked
2026-01-28 12:24:07 | DEBUG   | ldc | move info: -29.866666666666653 , -10.133333333333395
2026-01-28 12:24:07 | DEBUG   | ldc | move_rel clicked
2026-01-28 12:24:07 | DEBUG   | ldc | move info: -30.400000000000002 , -11.733333333333213
2026-01-28 12:24:07 | DEBUG   | ldc | move_rel clicked
2026-01-28 12:24:07 | DEBUG   | ldc | move info: -30.400000000000002 , -12.266666666666788
2026-01-28 12:24:07 | DEBUG   | ldc | move_rel clicked
2026-01-28 12:24:07 | DEBUG   | ldc | move info: -27.73333333333335 , -11.733333333333213
2026-01-28 12:24:07 | DEBUG   | ldc | move_rel clicked
2026-01-28 12:24:07 | DEBUG   | ldc | move info: -25.6 , -10.133333333333395
2026-01-28 12:24:07 | DEBUG   | ldc | move_rel clicked
2026-01-28 12:24:07 | DEBUG   | ldc | move info: -22.933333333333305 , -8.533333333333394
2026-01-28 12:24:07 | DEBUG   | ldc | move_rel clicked
2026-01-28 12:24:07 | DEBUG   | ldc | move info: -20.266666666666698 , -6.933333333333213
2026-01-28 12:24:07 | DEBUG   | ldc | move_rel clicked
2026-01-28 12:24:07 | DEBUG   | ldc | move info: -17.066666666666652 , -5.333333333333394
2026-01-28 12:24:07 | DEBUG   | ldc | move_rel clicked
2026-01-28 12:24:07 | DEBUG   | ldc | move info: -14.4 , -4.266666666666606
2026-01-28 12:24:07 | DEBUG   | ldc | move_rel clicked
2026-01-28 12:24:07 | DEBUG   | ldc | move info: -12.8 , -3.7333333333333942
2026-01-28 12:24:07 | DEBUG   | ldc | move_rel clicked
2026-01-28 12:24:07 | DEBUG   | ldc | move info: -11.733333333333327 , -3.7333333333333942
2026-01-28 12:24:07 | DEBUG   | ldc | move_rel clicked
2026-01-28 12:24:07 | DEBUG   | ldc | move info: -9.600000000000001 , -3.2
2026-01-28 12:24:07 | DEBUG   | ldc | move_rel clicked
2026-01-28 12:24:07 | DEBUG   | ldc | move info: -6.9333333333333265 , -2.666666666666606
2026-01-28 12:24:07 | DEBUG   | ldc | move_rel clicked
2026-01-28 12:24:07 | DEBUG   | ldc | move info: -3.7333333333333485 , -4.800000000000001
2026-01-28 12:24:07 | DEBUG   | ldc | move_rel clicked
2026-01-28 12:24:07 | DEBUG   | ldc | move info: -13.333333333333394 , -2.666666666666606
2026-01-28 12:24:07 | DEBUG   | ldc | move_rel clicked
2026-01-28 12:24:07 | DEBUG   | ldc | move info: 0.0 , 0.0
2026-01-28 12:24:07 | DEBUG   | ldc | move_rel clicked
2026-01-28 12:24:07 | DEBUG   | ldc | move info: -17.066666666666606 , -3.2
2026-01-28 12:24:07 | DEBUG   | ldc | move_rel clicked
2026-01-28 12:24:07 | DEBUG   | ldc | move info: -21.8666666666667 , -9.066666666666789
2026-01-28 12:24:07 | DEBUG   | ldc | move_rel clicked
2026-01-28 12:24:07 | DEBUG   | ldc | move info: -20.26666666666665 , -6.933333333333213
2026-01-28 12:24:07 | DEBUG   | ldc | move_rel clicked
2026-01-28 12:24:07 | DEBUG   | ldc | move info: -18.13333333333335 , -6.933333333333394
2026-01-28 12:24:07 | DEBUG   | ldc | move_rel clicked
2026-01-28 12:24:07 | DEBUG   | ldc | move info: -15.466666666666653 , -5.333333333333394
2026-01-28 12:24:07 | DEBUG   | ldc | move_rel clicked
2026-01-28 12:24:07 | DEBUG   | ldc | move info: -12.8 , -5.866666666666607
2026-01-28 12:24:07 | DEBUG   | ldc | move_rel clicked
2026-01-28 12:24:07 | DEBUG   | ldc | move info: -12.266666666666652 , -6.4
2026-01-28 12:24:07 | DEBUG   | ldc | move_rel clicked
2026-01-28 12:24:07 | DEBUG   | ldc | move info: -12.8 , -8.0
2026-01-28 12:24:07 | DEBUG   | ldc | move_rel clicked
2026-01-28 12:24:07 | DEBUG   | ldc | move info: -12.8 , -8.0
2026-01-28 12:24:07 | DEBUG   | ldc | move_rel clicked
2026-01-28 12:24:07 | DEBUG   | ldc | move info: -12.8 , -8.533333333333394
2026-01-28 12:24:07 | DEBUG   | ldc | move_rel clicked
2026-01-28 12:24:07 | DEBUG   | ldc | move info: -11.733333333333348 , -8.533333333333212
2026-01-28 12:24:07 | DEBUG   | ldc | move_rel clicked
2026-01-28 12:24:07 | DEBUG   | ldc | move info: -11.733333333333348 , -8.0
2026-01-28 12:24:07 | DEBUG   | ldc | move_rel clicked
2026-01-28 12:24:07 | DEBUG   | ldc | move info: -10.133333333333304 , -8.0
2026-01-28 12:24:07 | DEBUG   | ldc | move_rel clicked
2026-01-28 12:24:07 | DEBUG   | ldc | move info: -8.53333333333335 , -8.0
2026-01-28 12:24:07 | DEBUG   | ldc | move_rel clicked
2026-01-28 12:24:07 | DEBUG   | ldc | move info: -5.866666666666652 , -8.533333333333394
2026-01-28 12:24:07 | DEBUG   | ldc | move_rel clicked
2026-01-28 12:24:08 | DEBUG   | ldc | move info: -10.133333333333349 , -13.333333333333213
2026-01-28 12:24:08 | DEBUG   | ldc | move_rel clicked
2026-01-28 12:24:08 | DEBUG   | ldc | move info: 0.0 , 0.0
2026-01-28 12:24:08 | DEBUG   | ldc | move_rel clicked
2026-01-28 12:24:08 | DEBUG   | ldc | move info: -0.5333333333333485 , -5.333333333333394
2026-01-28 12:24:08 | DEBUG   | ldc | move_rel clicked
2026-01-28 12:24:08 | DEBUG   | ldc | move info: -1.0666666666666516 , -4.800000000000001
2026-01-28 12:24:08 | DEBUG   | ldc | move_rel clicked
2026-01-28 12:24:08 | DEBUG   | ldc | move info: -1.0666666666666516 , -4.266666666666606
2026-01-28 12:24:08 | DEBUG   | ldc | move_rel clicked
2026-01-28 12:24:08 | DEBUG   | ldc | move info: -1.066666666666697 , -3.2
2026-01-28 12:24:08 | DEBUG   | ldc | move_rel clicked
2026-01-28 12:24:08 | DEBUG   | ldc | move info: 0.0 , -3.2
2026-01-28 12:24:08 | DEBUG   | ldc | move_rel clicked
2026-01-28 12:24:08 | DEBUG   | ldc | move info: 0.0 , -2.133333333333394
2026-01-28 12:24:08 | DEBUG   | ldc | move_rel clicked
2026-01-28 12:24:08 | DEBUG   | ldc | move info: 0.0 , -2.133333333333394
2026-01-28 12:24:08 | DEBUG   | ldc | move_rel clicked
2026-01-28 12:24:08 | DEBUG   | ldc | move info: 1.066666666666697 , -3.2
2026-01-28 12:24:08 | DEBUG   | ldc | move_rel clicked
2026-01-28 12:24:08 | DEBUG   | ldc | move info: 3.733333333333303 , -3.733333333333212
2026-01-28 12:24:08 | DEBUG   | ldc | move_rel clicked
2026-01-28 12:24:08 | DEBUG   | ldc | move info: 5.866666666666697 , -5.333333333333394
2026-01-28 12:24:08 | DEBUG   | ldc | move_rel clicked
2026-01-28 12:24:08 | DEBUG   | ldc | move info: 6.933333333333303 , -5.866666666666607
2026-01-28 12:24:08 | DEBUG   | ldc | move_rel clicked
2026-01-28 12:24:08 | DEBUG   | ldc | move info: 6.933333333333349 , -8.0
2026-01-28 12:24:08 | DEBUG   | ldc | move_rel clicked
2026-01-28 12:24:08 | DEBUG   | ldc | move info: 5.333333333333349 , -8.0
2026-01-28 12:24:08 | DEBUG   | ldc | move_rel clicked
2026-01-28 12:24:08 | DEBUG   | ldc | move info: 2.133333333333303 , -7.4666666666667885
2026-01-28 12:24:08 | DEBUG   | ldc | move_rel clicked
2026-01-28 12:24:08 | DEBUG   | ldc | move info: 0.0 , -6.4
2026-01-28 12:24:08 | DEBUG   | ldc | move_rel clicked
2026-01-28 12:24:08 | DEBUG   | ldc | move info: 0.0 , -3.733333333333212
2026-01-28 12:24:08 | DEBUG   | ldc | move_rel clicked
2026-01-28 12:24:08 | DEBUG   | ldc | move info: -6.4 , -1.0666666666667879
2026-01-28 12:24:08 | DEBUG   | ldc | move_rel clicked
2026-01-28 12:24:08 | DEBUG   | ldc | move info: -10.133333333333304 , 0.0
2026-01-28 12:24:08 | DEBUG   | ldc | move_rel clicked
2026-01-28 12:24:08 | DEBUG   | ldc | move info: -12.8 , 0.0
2026-01-28 12:24:08 | DEBUG   | ldc | move_rel clicked
2026-01-28 12:24:08 | DEBUG   | ldc | move info: -13.33333333333335 , 8.0
2026-01-28 12:24:08 | DEBUG   | ldc | move_rel clicked
2026-01-28 12:24:08 | DEBUG   | ldc | move info: -11.733333333333348 , 10.133333333333395
2026-01-28 12:24:08 | DEBUG   | ldc | move_rel clicked
2026-01-28 12:24:08 | DEBUG   | ldc | move info: -6.4 , 10.133333333333395
2026-01-28 12:24:08 | DEBUG   | ldc | move_rel clicked
2026-01-28 12:24:08 | DEBUG   | ldc | move info: -3.733333333333303 , 8.0
2026-01-28 12:24:08 | DEBUG   | ldc | move_rel clicked
2026-01-28 12:24:08 | DEBUG   | ldc | move info: -0.5333333333333485 , 6.933333333333213
2026-01-28 12:24:08 | DEBUG   | ldc | move_rel clicked
2026-01-28 12:24:08 | DEBUG   | ldc | move info: 0.0 , 5.333333333333394
2026-01-28 12:24:08 | DEBUG   | ldc | move_rel clicked
2026-01-28 12:24:08 | DEBUG   | ldc | move info: 6.4 , 6.4
2026-01-28 12:24:08 | DEBUG   | ldc | move_rel clicked
2026-01-28 12:24:08 | DEBUG   | ldc | move info: 13.866666666666653 , 5.866666666666607
2026-01-28 12:24:08 | DEBUG   | ldc | move_rel clicked
2026-01-28 12:24:08 | DEBUG   | ldc | move info: 16.53333333333335 , 3.7333333333333942
2026-01-28 12:24:08 | DEBUG   | ldc | move_rel clicked
2026-01-28 12:24:08 | DEBUG   | ldc | move info: 13.866666666666653 , 1.6
2026-01-28 12:24:08 | DEBUG   | ldc | move_rel clicked
2026-01-28 12:24:08 | DEBUG   | ldc | move info: 9.600000000000001 , 0.5333333333333939
2026-01-28 12:24:08 | DEBUG   | ldc | move_rel clicked
2026-01-28 12:24:08 | DEBUG   | ldc | move info: 5.866666666666697 , 0.0
2026-01-28 12:24:08 | DEBUG   | ldc | move_rel clicked
2026-01-28 12:24:08 | DEBUG   | ldc | move info: 4.800000000000001 , -0.5333333333333939
2026-01-28 12:24:08 | DEBUG   | ldc | move_rel clicked
2026-01-28 12:24:08 | DEBUG   | ldc | move info: 2.133333333333303 , -6.4
2026-01-28 12:24:08 | DEBUG   | ldc | move_rel clicked
2026-01-28 12:24:08 | DEBUG   | ldc | move info: 1.066666666666697 , -10.666666666666607
2026-01-28 12:24:08 | DEBUG   | ldc | move_rel clicked
2026-01-28 12:24:08 | DEBUG   | ldc | move info: -1.066666666666697 , -13.333333333333394
2026-01-28 12:24:08 | DEBUG   | ldc | move_rel clicked
2026-01-28 12:24:08 | DEBUG   | ldc | move info: -14.4 , -14.933333333333394
2026-01-28 12:24:08 | DEBUG   | ldc | move_rel clicked
2026-01-28 12:24:08 | DEBUG   | ldc | move info: -19.200000000000003 , -11.200000000000001
2026-01-28 12:24:08 | DEBUG   | ldc | move_rel clicked
2026-01-28 12:24:08 | DEBUG   | ldc | move info: -18.666666666666654 , -3.2
2026-01-28 12:24:08 | DEBUG   | ldc | move_rel clicked
2026-01-28 12:24:08 | DEBUG   | ldc | move info: -15.466666666666653 , 0.0
2026-01-28 12:24:08 | DEBUG   | ldc | move_rel clicked
2026-01-28 12:24:08 | DEBUG   | ldc | move info: -12.266666666666698 , 4.266666666666788
2026-01-28 12:24:08 | DEBUG   | ldc | move_rel clicked
2026-01-28 12:24:08 | DEBUG   | ldc | move info: -9.066666666666652 , 8.533333333333212
2026-01-28 12:24:08 | DEBUG   | ldc | move_rel clicked
2026-01-28 12:24:08 | DEBUG   | ldc | move info: -6.4 , 8.533333333333394
2026-01-28 12:24:08 | DEBUG   | ldc | move_rel clicked
2026-01-28 12:24:08 | DEBUG   | ldc | move info: -4.2666666666666515 , 8.0
2026-01-28 12:24:08 | DEBUG   | ldc | move_rel clicked
2026-01-28 12:24:08 | DEBUG   | ldc | move info: -2.1333333333333484 , 9.066666666666606
2026-01-28 12:24:08 | DEBUG   | ldc | move_rel clicked
2026-01-28 12:24:08 | DEBUG   | ldc | move info: -0.5333333333333485 , 9.066666666666789
2026-01-28 12:24:08 | DEBUG   | ldc | move_rel clicked
2026-01-28 12:24:08 | DEBUG   | ldc | move info: 0.0 , 9.066666666666606
2026-01-28 12:24:08 | DEBUG   | ldc | move_rel clicked
2026-01-28 12:24:08 | DEBUG   | ldc | move info: 1.6 , 9.600000000000001
2026-01-28 12:24:08 | DEBUG   | ldc | move_rel clicked
2026-01-28 12:24:08 | DEBUG   | ldc | move info: 8.53333333333335 , 8.533333333333394
2026-01-28 12:24:08 | DEBUG   | ldc | move_rel clicked
2026-01-28 12:24:08 | DEBUG   | ldc | move info: 9.600000000000001 , 5.866666666666607
2026-01-28 12:24:08 | DEBUG   | ldc | move_rel clicked
2026-01-28 12:24:08 | DEBUG   | ldc | move info: 8.53333333333335 , 3.7333333333333942
2026-01-28 12:24:08 | DEBUG   | ldc | move_rel clicked
2026-01-28 12:24:08 | DEBUG   | ldc | move info: 6.933333333333303 , 1.066666666666606
2026-01-28 12:24:08 | DEBUG   | ldc | move_rel clicked
2026-01-28 12:24:08 | DEBUG   | ldc | move info: 3.2 , 0.0
2026-01-28 12:24:08 | DEBUG   | ldc | move_rel clicked
2026-01-28 12:24:08 | DEBUG   | ldc | move info: 1.066666666666697 , -0.5333333333333939
2026-01-28 12:24:08 | DEBUG   | ldc | move_rel clicked
2026-01-28 12:24:08 | DEBUG   | ldc | move info: 0.0 , -7.466666666666606
2026-01-28 12:24:08 | DEBUG   | ldc | move_rel clicked
2026-01-28 12:24:08 | DEBUG   | ldc | move info: 0.0 , -11.200000000000001
2026-01-28 12:24:08 | DEBUG   | ldc | move_rel clicked
2026-01-28 12:24:08 | DEBUG   | ldc | move info: -2.1333333333333484 , -12.8
2026-01-28 12:24:08 | DEBUG   | ldc | move_rel clicked
2026-01-28 12:24:08 | DEBUG   | ldc | move info: -4.800000000000001 , -11.200000000000001
2026-01-28 12:24:08 | DEBUG   | ldc | move_rel clicked
2026-01-28 12:24:08 | DEBUG   | ldc | move info: -4.800000000000001 , -10.666666666666607
2026-01-28 12:24:09 | DEBUG   | ldc | move_rel clicked
2026-01-28 12:24:09 | DEBUG   | ldc | move info: -12.266666666666652 , -6.933333333333394
2026-01-28 12:24:09 | DEBUG   | ldc | move_rel clicked
2026-01-28 12:24:09 | DEBUG   | ldc | move info: 0.0 , 0.0
2026-01-28 12:24:09 | DEBUG   | ldc | move_rel clicked
2026-01-28 12:24:09 | DEBUG   | ldc | move info: -3.2 , 0.0
2026-01-28 12:24:09 | DEBUG   | ldc | move_rel clicked
2026-01-28 12:24:09 | DEBUG   | ldc | move info: -2.1333333333333484 , -1.066666666666606
2026-01-28 12:24:09 | DEBUG   | ldc | move_rel clicked
2026-01-28 12:24:09 | DEBUG   | ldc | move info: -0.5333333333333485 , -0.5333333333333939
2026-01-28 12:24:09 | DEBUG   | ldc | move_rel clicked
2026-01-28 12:24:09 | DEBUG   | ldc | move info: 6.4 , 3.2
2026-01-28 12:24:09 | DEBUG   | ldc | move_rel clicked
2026-01-28 12:24:09 | DEBUG   | ldc | move info: 7.466666666666697 , 8.0
2026-01-28 12:24:09 | DEBUG   | ldc | move_rel clicked
2026-01-28 12:24:09 | DEBUG   | ldc | move info: 6.933333333333303 , 9.600000000000001
2026-01-28 12:24:09 | DEBUG   | ldc | move_rel clicked
2026-01-28 12:24:09 | DEBUG   | ldc | move info: 8.0 , 11.733333333333395
2026-01-28 12:24:09 | DEBUG   | ldc | move_rel clicked
2026-01-28 12:24:09 | DEBUG   | ldc | move info: 8.533333333333303 , 10.666666666666607
2026-01-28 12:24:09 | DEBUG   | ldc | move_rel clicked
2026-01-28 12:24:09 | DEBUG   | ldc | move info: 8.0 , 8.533333333333394
2026-01-28 12:24:09 | DEBUG   | ldc | move_rel clicked
2026-01-28 12:24:09 | DEBUG   | ldc | move info: 5.866666666666697 , 4.800000000000001
2026-01-28 12:24:09 | DEBUG   | ldc | move_rel clicked
2026-01-28 12:24:09 | DEBUG   | ldc | move info: 2.666666666666697 , 1.6
2026-01-28 12:24:09 | DEBUG   | ldc | move_rel clicked
2026-01-28 12:24:09 | DEBUG   | ldc | move info: 0.0 , -0.5333333333333939
2026-01-28 12:24:09 | DEBUG   | ldc | move_rel clicked
2026-01-28 12:24:09 | DEBUG   | ldc | move info: -0.5333333333333939 , -2.666666666666606
2026-01-28 12:24:09 | DEBUG   | ldc | move_rel clicked
2026-01-28 12:24:09 | DEBUG   | ldc | move info: -1.6 , -1.6
2026-01-28 12:24:09 | DEBUG   | ldc | move_rel clicked
2026-01-28 12:24:09 | DEBUG   | ldc | move info: -1.066666666666606 , -1.6
2026-01-28 12:24:09 | DEBUG   | ldc | move_rel clicked
2026-01-28 12:24:09 | DEBUG   | ldc | move info: -2.133333333333394 , -2.133333333333394
2026-01-28 12:24:09 | DEBUG   | ldc | move_rel clicked
2026-01-28 12:24:09 | DEBUG   | ldc | move info: -3.733333333333303 , -3.7333333333333942
2026-01-28 12:24:09 | DEBUG   | ldc | move_rel clicked
2026-01-28 12:24:09 | DEBUG   | ldc | move info: -8.0 , -8.0
2026-01-28 12:24:09 | DEBUG   | ldc | move_rel clicked
2026-01-28 12:24:09 | DEBUG   | ldc | move info: -13.333333333333304 , -13.333333333333213
2026-01-28 12:24:09 | DEBUG   | ldc | move_rel clicked
2026-01-28 12:24:09 | DEBUG   | ldc | move info: -17.0666666666667 , -16.533333333333395
2026-01-28 12:24:09 | DEBUG   | ldc | move_rel clicked
2026-01-28 12:24:09 | DEBUG   | ldc | move info: -15.466666666666653 , -14.933333333333394
2026-01-28 12:24:09 | DEBUG   | ldc | move_rel clicked
2026-01-28 12:24:09 | DEBUG   | ldc | move info: -13.866666666666653 , -12.8
2026-01-28 12:24:09 | DEBUG   | ldc | move_rel clicked
2026-01-28 12:24:09 | DEBUG   | ldc | move info: -11.733333333333348 , -10.666666666666607
2026-01-28 12:24:09 | DEBUG   | ldc | move_rel clicked
2026-01-28 12:24:09 | DEBUG   | ldc | move info: -9.600000000000001 , -9.066666666666606
2026-01-28 12:24:09 | DEBUG   | ldc | move_rel clicked
2026-01-28 12:24:09 | DEBUG   | ldc | move info: -9.066666666666652 , -6.4
2026-01-28 12:24:09 | DEBUG   | ldc | move_rel clicked
2026-01-28 12:24:09 | DEBUG   | ldc | move info: -6.933333333333349 , -6.4
2026-01-28 12:24:09 | DEBUG   | ldc | move_rel clicked
2026-01-28 12:24:09 | DEBUG   | ldc | move info: -6.933333333333349 , -6.4
2026-01-28 12:24:09 | DEBUG   | ldc | move_rel clicked
2026-01-28 12:24:09 | DEBUG   | ldc | move info: -5.333333333333304 , -8.0
2026-01-28 12:24:09 | DEBUG   | ldc | move_rel clicked
2026-01-28 12:24:09 | DEBUG   | ldc | move info: -3.7333333333333485 , -8.0
2026-01-28 12:24:09 | DEBUG   | ldc | move_rel clicked
2026-01-28 12:24:09 | DEBUG   | ldc | move info: -1.6 , -8.0
2026-01-28 12:24:09 | DEBUG   | ldc | move_rel clicked
2026-01-28 12:24:09 | DEBUG   | ldc | move info: -0.5333333333333485 , -7.4666666666667885
2026-01-28 12:24:09 | DEBUG   | ldc | move_rel clicked
2026-01-28 12:24:09 | DEBUG   | ldc | move info: 0.0 , -8.533333333333212
2026-01-28 12:24:09 | DEBUG   | ldc | move_rel clicked
2026-01-28 12:24:09 | DEBUG   | ldc | move info: 0.0 , -8.0
2026-01-28 12:24:09 | DEBUG   | ldc | move_rel clicked
2026-01-28 12:24:09 | DEBUG   | ldc | move info: 0.0 , -5.866666666666788
2026-01-28 12:24:09 | DEBUG   | ldc | move_rel clicked
2026-01-28 12:24:09 | DEBUG   | ldc | move info: 0.0 , -4.800000000000001
2026-01-28 12:24:09 | DEBUG   | ldc | move_rel clicked
2026-01-28 12:24:09 | DEBUG   | ldc | move info: 0.0 , -2.666666666666606
2026-01-28 12:24:09 | DEBUG   | ldc | move_rel clicked
2026-01-28 12:24:09 | DEBUG   | ldc | move info: 0.0 , -2.666666666666606
2026-01-28 12:24:09 | DEBUG   | ldc | move_rel clicked
2026-01-28 12:24:09 | DEBUG   | ldc | move info: 0.0 , -1.0666666666667879
2026-01-28 12:24:09 | DEBUG   | ldc | move_rel clicked
2026-01-28 12:24:10 | DEBUG   | ldc | move info: -0.533333333333303 , 1.0666666666667879
2026-01-28 12:24:10 | DEBUG   | ldc | move_rel clicked
2026-01-28 12:24:10 | DEBUG   | ldc | move info: -2.1333333333333484 , 2.133333333333212
2026-01-28 12:24:10 | DEBUG   | ldc | move_rel clicked
2026-01-28 12:24:10 | DEBUG   | ldc | move info: -2.666666666666652 , 2.666666666666788
2026-01-28 12:24:10 | DEBUG   | ldc | move_rel clicked
2026-01-28 12:24:10 | DEBUG   | ldc | move info: -3.7333333333333485 , 3.2
2026-01-28 12:24:10 | DEBUG   | ldc | move_rel clicked
2026-01-28 12:24:10 | DEBUG   | ldc | move info: -3.7333333333333485 , 3.2
2026-01-28 12:24:10 | DEBUG   | ldc | move_rel clicked
2026-01-28 12:24:10 | DEBUG   | ldc | move info: -3.2 , 2.666666666666606
2026-01-28 12:24:10 | DEBUG   | ldc | move_rel clicked
2026-01-28 12:24:10 | DEBUG   | ldc | move info: -3.733333333333303 , 1.6
2026-01-28 12:24:10 | DEBUG   | ldc | move_rel clicked
2026-01-28 12:24:10 | DEBUG   | ldc | move info: -3.2 , 2.133333333333394
2026-01-28 12:24:10 | DEBUG   | ldc | move_rel clicked
2026-01-28 12:24:10 | DEBUG   | ldc | move info: -2.666666666666697 , 1.066666666666606
2026-01-28 12:24:10 | DEBUG   | ldc | move_rel clicked
2026-01-28 12:24:10 | DEBUG   | ldc | move info: -2.133333333333303 , 0.5333333333333939
2026-01-28 12:24:10 | DEBUG   | ldc | move_rel clicked
2026-01-28 12:24:10 | DEBUG   | ldc | move info: -2.666666666666697 , 0.0
2026-01-28 12:24:10 | DEBUG   | ldc | move_rel clicked
2026-01-28 12:24:10 | DEBUG   | ldc | move info: -2.133333333333303 , 0.0
2026-01-28 12:24:10 | DEBUG   | ldc | move_rel clicked
2026-01-28 12:24:10 | DEBUG   | ldc | move info: -1.6 , 0.0
2026-01-28 12:24:10 | DEBUG   | ldc | move_rel clicked
2026-01-28 12:24:10 | DEBUG   | ldc | move info: -1.6 , -3.2
2026-01-28 12:24:10 | DEBUG   | ldc | move_rel clicked
2026-01-28 12:24:10 | DEBUG   | ldc | move info: -1.066666666666697 , -3.2
2026-01-28 12:24:10 | DEBUG   | ldc | move_rel clicked
2026-01-28 12:24:10 | DEBUG   | ldc | move info: -1.0666666666666516 , -3.7333333333333942
2026-01-28 12:24:10 | DEBUG   | ldc | move_rel clicked
2026-01-28 12:24:10 | DEBUG   | ldc | move info: -0.5333333333333485 , -2.666666666666606
2026-01-28 12:24:10 | DEBUG   | ldc | move_rel clicked
2026-01-28 12:24:10 | DEBUG   | ldc | move info: 0.0 , -2.666666666666788
2026-01-28 12:24:10 | DEBUG   | ldc | move_rel clicked
2026-01-28 12:24:10 | DEBUG   | ldc | move info: -0.533333333333303 , -1.066666666666606
2026-01-28 12:24:10 | DEBUG   | ldc | move_rel clicked
2026-01-28 12:24:10 | DEBUG   | ldc | move info: 0.0 , -1.066666666666606
2026-01-28 12:24:10 | DEBUG   | ldc | move_rel clicked
2026-01-28 12:24:10 | DEBUG   | ldc | move info: 0.0 , -0.5333333333333939
2026-01-28 12:24:10 | DEBUG   | ldc | move_rel clicked
2026-01-28 12:24:10 | DEBUG   | ldc | move info: 0.0 , -0.5333333333333939
2026-01-28 12:24:10 | DEBUG   | ldc | move_rel clicked
2026-01-28 12:24:10 | DEBUG   | ldc | move info: 0.533333333333303 , 0.0
2026-01-28 12:24:10 | DEBUG   | ldc | move_rel clicked
2026-01-28 12:24:10 | DEBUG   | ldc | move info: 0.5333333333333485 , -0.5333333333332121
2026-01-28 12:24:10 | DEBUG   | ldc | move_rel clicked
2026-01-28 12:24:10 | DEBUG   | ldc | move info: 0.5333333333333485 , 0.0
2026-01-28 12:24:10 | DEBUG   | ldc | move_rel clicked
2026-01-28 12:24:10 | DEBUG   | ldc | move info: 0.533333333333303 , 0.0
2026-01-28 12:24:10 | DEBUG   | ldc | move_rel clicked
2026-01-28 12:24:10 | DEBUG   | ldc | move info: 0.5333333333333485 , 0.0
2026-01-28 12:24:10 | DEBUG   | ldc | move_rel clicked
2026-01-28 12:24:10 | DEBUG   | ldc | click event type=click
2026-01-28 12:24:11 | DEBUG   | ldc | move info: 4.800000000000001 , 5.866666666666607
2026-01-28 12:24:11 | DEBUG   | ldc | move_rel clicked
2026-01-28 12:24:11 | DEBUG   | ldc | move info: 0.0 , 0.0
2026-01-28 12:24:11 | DEBUG   | ldc | move_rel clicked
2026-01-28 12:24:11 | DEBUG   | ldc | move info: 14.4 , 2.666666666666606
2026-01-28 12:24:11 | DEBUG   | ldc | move_rel clicked
2026-01-28 12:24:11 | DEBUG   | ldc | move info: 20.26666666666665 , 6.4
2026-01-28 12:24:11 | DEBUG   | ldc | move_rel clicked
2026-01-28 12:24:11 | DEBUG   | ldc | move info: 29.866666666666653 , 8.0
2026-01-28 12:24:11 | DEBUG   | ldc | move_rel clicked
2026-01-28 12:24:11 | DEBUG   | ldc | move info: 33.6 , 5.333333333333394
2026-01-28 12:24:11 | DEBUG   | ldc | move_rel clicked
2026-01-28 12:24:11 | DEBUG   | ldc | move info: 30.933333333333305 , 5.333333333333394
2026-01-28 12:24:11 | DEBUG   | ldc | move_rel clicked
2026-01-28 12:24:11 | DEBUG   | ldc | move info: 22.400000000000002 , 6.4
2026-01-28 12:24:11 | DEBUG   | ldc | move_rel clicked
2026-01-28 12:24:11 | DEBUG   | ldc | move info: 18.666666666666696 , 10.666666666666607
2026-01-28 12:24:11 | DEBUG   | ldc | move_rel clicked
2026-01-28 12:24:11 | DEBUG   | ldc | move info: 19.200000000000003 , 14.4
2026-01-28 12:24:11 | DEBUG   | ldc | move_rel clicked
2026-01-28 12:24:11 | DEBUG   | ldc | move info: 22.400000000000002 , 19.200000000000003
2026-01-28 12:24:11 | DEBUG   | ldc | move_rel clicked
2026-01-28 12:24:11 | DEBUG   | ldc | move info: 20.8 , 21.333333333333396
2026-01-28 12:24:11 | DEBUG   | ldc | move_rel clicked
2026-01-28 12:24:11 | DEBUG   | ldc | move info: 18.133333333333304 , 19.200000000000003
2026-01-28 12:24:11 | DEBUG   | ldc | move_rel clicked
2026-01-28 12:24:11 | DEBUG   | ldc | move info: 11.200000000000001 , 14.4
2026-01-28 12:24:11 | DEBUG   | ldc | move_rel clicked
2026-01-28 12:24:11 | DEBUG   | ldc | move info: 1.6 , 8.0
2026-01-28 12:24:11 | DEBUG   | ldc | move_rel clicked
2026-01-28 12:24:11 | DEBUG   | ldc | move info: 0.0 , 0.0
2026-01-28 12:24:11 | DEBUG   | ldc | move_rel clicked
2026-01-28 12:24:11 | DEBUG   | ldc | move info: 6.4 , 20.26666666666661
2026-01-28 12:24:11 | DEBUG   | ldc | move_rel clicked
2026-01-28 12:24:11 | DEBUG   | ldc | move info: 3.2 , 5.866666666666607
2026-01-28 12:24:11 | DEBUG   | ldc | move_rel clicked
2026-01-28 12:24:11 | DEBUG   | ldc | move info: 12.266666666666652 , 22.933333333333394
2026-01-28 12:24:11 | DEBUG   | ldc | move_rel clicked
2026-01-28 12:24:11 | DEBUG   | ldc | move info: 21.333333333333304 , 42.1333333333334
2026-01-28 12:24:11 | DEBUG   | ldc | move_rel clicked
2026-01-28 12:24:11 | DEBUG   | ldc | move info: 24.533333333333395 , 49.6
2026-01-28 12:24:11 | DEBUG   | ldc | move_rel clicked
2026-01-28 12:24:11 | DEBUG   | ldc | move info: 27.200000000000003 , 46.400000000000006
2026-01-28 12:24:11 | DEBUG   | ldc | move_rel clicked
2026-01-28 12:24:11 | DEBUG   | ldc | move info: 25.066666666666606 , 35.2
2026-01-28 12:24:11 | DEBUG   | ldc | move_rel clicked
2026-01-28 12:24:11 | DEBUG   | ldc | move info: 23.466666666666697 , 22.400000000000002
2026-01-28 12:24:11 | DEBUG   | ldc | move_rel clicked
2026-01-28 12:24:11 | DEBUG   | ldc | move info: 17.0666666666667 , 9.066666666666606
2026-01-28 12:24:11 | DEBUG   | ldc | move_rel clicked
2026-01-28 12:24:11 | DEBUG   | ldc | move info: 10.133333333333304 , 2.666666666666606
2026-01-28 12:24:11 | DEBUG   | ldc | move_rel clicked
2026-01-28 12:24:12 | DEBUG   | ldc | move info: 5.866666666666652 , 12.8
2026-01-28 12:24:12 | DEBUG   | ldc | move_rel clicked
2026-01-28 12:24:12 | DEBUG   | ldc | move info: 0.0 , 0.0
2026-01-28 12:24:12 | DEBUG   | ldc | move_rel clicked
2026-01-28 12:24:12 | DEBUG   | ldc | move info: 13.866666666666653 , 11.200000000000001
2026-01-28 12:24:12 | DEBUG   | ldc | move_rel clicked
2026-01-28 12:24:12 | DEBUG   | ldc | move info: 17.0666666666667 , 11.200000000000001
2026-01-28 12:24:12 | DEBUG   | ldc | move_rel clicked
2026-01-28 12:24:12 | DEBUG   | ldc | move info: 19.200000000000003 , 10.666666666666607
2026-01-28 12:24:12 | DEBUG   | ldc | move_rel clicked
2026-01-28 12:24:12 | DEBUG   | ldc | move info: 20.8 , 9.600000000000001
2026-01-28 12:24:12 | DEBUG   | ldc | move_rel clicked
2026-01-28 12:24:12 | DEBUG   | ldc | move info: 14.933333333333303 , 8.0
2026-01-28 12:24:12 | DEBUG   | ldc | move_rel clicked
2026-01-28 12:24:12 | DEBUG   | ldc | move info: 9.600000000000001 , 6.933333333333394
2026-01-28 12:24:12 | DEBUG   | ldc | move_rel clicked
2026-01-28 12:24:12 | DEBUG   | ldc | move info: 1.6 , 4.800000000000001
2026-01-28 12:24:12 | DEBUG   | ldc | move_rel clicked
2026-01-28 12:24:12 | DEBUG   | ldc | move info: 0.0 , 3.2
2026-01-28 12:24:12 | DEBUG   | ldc | move_rel clicked
2026-01-28 12:24:12 | DEBUG   | ldc | move info: -1.066666666666697 , 1.6
2026-01-28 12:24:12 | DEBUG   | ldc | move_rel clicked
2026-01-28 12:24:12 | DEBUG   | ldc | move info: -4.800000000000001 , 1.066666666666606
2026-01-28 12:24:12 | DEBUG   | ldc | move_rel clicked
2026-01-28 12:24:12 | DEBUG   | ldc | move info: -3.733333333333303 , 1.6
2026-01-28 12:24:12 | DEBUG   | ldc | move_rel clicked
2026-01-28 12:24:12 | DEBUG   | ldc | move info: -3.2 , 2.666666666666606
2026-01-28 12:24:12 | DEBUG   | ldc | move_rel clicked
2026-01-28 12:24:12 | DEBUG   | ldc | move info: -2.133333333333303 , 3.2
2026-01-28 12:24:12 | DEBUG   | ldc | move_rel clicked
2026-01-28 12:24:12 | DEBUG   | ldc | move info: -2.666666666666697 , 3.2
2026-01-28 12:24:12 | DEBUG   | ldc | move_rel clicked
2026-01-28 12:24:12 | DEBUG   | ldc | move info: -3.2 , 2.133333333333394
2026-01-28 12:24:12 | DEBUG   | ldc | move_rel clicked
2026-01-28 12:24:12 | DEBUG   | ldc | move info: -3.733333333333303 , 2.133333333333394
2026-01-28 12:24:12 | DEBUG   | ldc | move_rel clicked
2026-01-28 12:24:12 | DEBUG   | ldc | move info: -3.2 , 1.066666666666606
2026-01-28 12:24:12 | DEBUG   | ldc | move_rel clicked
2026-01-28 12:24:12 | DEBUG   | ldc | move info: -3.7333333333333942 , 1.066666666666606
2026-01-28 12:24:12 | DEBUG   | ldc | move_rel clicked
2026-01-28 12:24:12 | DEBUG   | ldc | move info: -4.266666666666606 , 1.0666666666667879
2026-01-28 12:24:12 | DEBUG   | ldc | move_rel clicked
2026-01-28 12:24:12 | DEBUG   | ldc | move info: -4.266666666666697 , 0.0
2026-01-28 12:24:12 | DEBUG   | ldc | move_rel clicked
2026-01-28 12:24:12 | DEBUG   | ldc | move info: -4.800000000000001 , 0.0
2026-01-28 12:24:12 | DEBUG   | ldc | move_rel clicked
2026-01-28 12:24:12 | DEBUG   | ldc | move info: -4.2666666666666515 , 0.0
2026-01-28 12:24:12 | DEBUG   | ldc | move_rel clicked
2026-01-28 12:24:12 | DEBUG   | ldc | move info: -3.2 , 0.0
2026-01-28 12:24:12 | DEBUG   | ldc | move_rel clicked
2026-01-28 12:24:12 | DEBUG   | ldc | move info: -3.7333333333333485 , 0.0
2026-01-28 12:24:12 | DEBUG   | ldc | move_rel clicked
2026-01-28 12:24:12 | DEBUG   | ldc | move info: -3.2 , 0.5333333333332121
2026-01-28 12:24:12 | DEBUG   | ldc | move_rel clicked
2026-01-28 12:24:12 | DEBUG   | ldc | move info: -2.666666666666652 , 0.5333333333333939
2026-01-28 12:24:12 | DEBUG   | ldc | move_rel clicked
2026-01-28 12:24:12 | DEBUG   | ldc | move info: -1.0666666666666516 , 1.066666666666606
2026-01-28 12:24:12 | DEBUG   | ldc | move_rel clicked
2026-01-28 12:24:12 | DEBUG   | ldc | move info: -1.066666666666697 , 0.5333333333333939
2026-01-28 12:24:12 | DEBUG   | ldc | move_rel clicked
2026-01-28 12:24:12 | DEBUG   | ldc | move info: -0.533333333333303 , 1.066666666666606
2026-01-28 12:24:12 | DEBUG   | ldc | move_rel clicked
2026-01-28 12:24:12 | DEBUG   | ldc | move info: 0.0 , 0.5333333333333939
2026-01-28 12:24:12 | DEBUG   | ldc | move_rel clicked
2026-01-28 12:24:12 | DEBUG   | ldc | move info: 0.0 , 0.5333333333333939
2026-01-28 12:24:12 | DEBUG   | ldc | move_rel clicked
2026-01-28 12:24:12 | DEBUG   | ldc | move info: 0.0 , 0.5333333333332121
2026-01-28 12:24:12 | DEBUG   | ldc | move_rel clicked
2026-01-28 12:24:12 | DEBUG   | ldc | move info: 0.0 , 0.5333333333333939
2026-01-28 12:24:12 | DEBUG   | ldc | move_rel clicked
2026-01-28 12:24:12 | DEBUG   | ldc | click event type=click
2026-01-28 12:24:13 | DEBUG   | ldc | move info: 8.0 , 0.5333333333332121
2026-01-28 12:24:13 | DEBUG   | ldc | move_rel clicked
2026-01-28 12:24:13 | DEBUG   | ldc | move info: 0.0 , 0.0
2026-01-28 12:24:13 | DEBUG   | ldc | move_rel clicked
2026-01-28 12:24:13 | DEBUG   | ldc | move info: 14.4 , 0.0
2026-01-28 12:24:13 | DEBUG   | ldc | move_rel clicked
2026-01-28 12:24:13 | DEBUG   | ldc | move info: 22.933333333333305 , -2.666666666666606
2026-01-28 12:24:13 | DEBUG   | ldc | move_rel clicked
2026-01-28 12:24:13 | DEBUG   | ldc | move info: 27.73333333333335 , -7.466666666666606
2026-01-28 12:24:13 | DEBUG   | ldc | move_rel clicked
2026-01-28 12:24:13 | DEBUG   | ldc | move info: 31.999999999999957 , -9.600000000000001
2026-01-28 12:24:13 | DEBUG   | ldc | move_rel clicked
2026-01-28 12:24:13 | DEBUG   | ldc | move info: 29.333333333333396 , -12.266666666666788
2026-01-28 12:24:13 | DEBUG   | ldc | move_rel clicked
2026-01-28 12:24:13 | DEBUG   | ldc | move info: 26.666666666666607 , -10.133333333333212
2026-01-28 12:24:13 | DEBUG   | ldc | move_rel clicked
2026-01-28 12:24:13 | DEBUG   | ldc | move info: 19.200000000000003 , -4.800000000000001
2026-01-28 12:24:13 | DEBUG   | ldc | move_rel clicked
2026-01-28 12:24:13 | DEBUG   | ldc | move info: 11.733333333333395 , -0.5333333333333939
2026-01-28 12:24:13 | DEBUG   | ldc | move_rel clicked
2026-01-28 12:24:13 | DEBUG   | ldc | move info: 9.066666666666606 , 0.0
2026-01-28 12:24:13 | DEBUG   | ldc | move_rel clicked
2026-01-28 12:24:13 | DEBUG   | ldc | move info: 10.133333333333395 , 0.0
2026-01-28 12:24:13 | DEBUG   | ldc | move_rel clicked
2026-01-28 12:24:13 | DEBUG   | ldc | move info: 10.133333333333304 , 0.0
2026-01-28 12:24:13 | DEBUG   | ldc | move_rel clicked
2026-01-28 12:24:13 | DEBUG   | ldc | move info: 11.200000000000001 , 0.0
2026-01-28 12:24:13 | DEBUG   | ldc | move_rel clicked
2026-01-28 12:24:13 | DEBUG   | ldc | move info: 10.133333333333304 , 0.0
2026-01-28 12:24:13 | DEBUG   | ldc | move_rel clicked
2026-01-28 12:24:13 | DEBUG   | ldc | move info: 8.533333333333394 , 0.0
2026-01-28 12:24:13 | DEBUG   | ldc | move_rel clicked
2026-01-28 12:24:13 | DEBUG   | ldc | move info: 6.933333333333303 , 0.0
2026-01-28 12:24:13 | DEBUG   | ldc | move_rel clicked
2026-01-28 12:24:13 | DEBUG   | ldc | move info: 6.4 , 0.0
2026-01-28 12:24:13 | DEBUG   | ldc | move_rel clicked
2026-01-28 12:24:13 | DEBUG   | ldc | move info: 2.133333333333303 , 0.0
2026-01-28 12:24:13 | DEBUG   | ldc | move_rel clicked
2026-01-28 12:24:13 | DEBUG   | ldc | move info: 20.26666666666665 , 1.6
2026-01-28 12:24:13 | DEBUG   | ldc | move_rel clicked
2026-01-28 12:24:13 | DEBUG   | ldc | move info: 0.0 , 0.0
2026-01-28 12:24:13 | DEBUG   | ldc | move_rel clicked
2026-01-28 12:24:13 | DEBUG   | ldc | move info: 4.800000000000001 , 0.0
2026-01-28 12:24:13 | DEBUG   | ldc | move_rel clicked
2026-01-28 12:24:13 | DEBUG   | ldc | move info: 15.466666666666697 , 0.0
2026-01-28 12:24:13 | DEBUG   | ldc | move_rel clicked
2026-01-28 12:24:13 | DEBUG   | ldc | move info: 23.466666666666608 , -3.7333333333333942
2026-01-28 12:24:13 | DEBUG   | ldc | move_rel clicked
2026-01-28 12:24:13 | DEBUG   | ldc | move info: 22.400000000000002 , -5.333333333333394
2026-01-28 12:24:13 | DEBUG   | ldc | move_rel clicked
2026-01-28 12:24:13 | DEBUG   | ldc | move info: 17.0666666666667 , -5.333333333333212
2026-01-28 12:24:13 | DEBUG   | ldc | move_rel clicked
2026-01-28 12:24:13 | DEBUG   | ldc | move info: 15.466666666666697 , -3.7333333333333942
2026-01-28 12:24:13 | DEBUG   | ldc | move_rel clicked
2026-01-28 12:24:13 | DEBUG   | ldc | move info: 16.533333333333303 , -3.7333333333333942
2026-01-28 12:24:13 | DEBUG   | ldc | move_rel clicked
2026-01-28 12:24:13 | DEBUG   | ldc | move info: 16.533333333333303 , -2.666666666666606
2026-01-28 12:24:13 | DEBUG   | ldc | move_rel clicked
2026-01-28 12:24:13 | DEBUG   | ldc | move info: 13.866666666666697 , -1.6
2026-01-28 12:24:13 | DEBUG   | ldc | move_rel clicked
2026-01-28 12:24:13 | DEBUG   | ldc | move info: 9.066666666666697 , -0.5333333333333939
2026-01-28 12:24:13 | DEBUG   | ldc | move_rel clicked
2026-01-28 12:24:13 | DEBUG   | ldc | move info: 2.666666666666606 , 0.0
2026-01-28 12:24:13 | DEBUG   | ldc | move_rel clicked
2026-01-28 12:24:13 | DEBUG   | ldc | move info: 2.133333333333394 , -0.5333333333332121
2026-01-28 12:24:13 | DEBUG   | ldc | move_rel clicked
2026-01-28 12:24:13 | DEBUG   | ldc | move info: 4.266666666666606 , -1.0666666666667879
2026-01-28 12:24:13 | DEBUG   | ldc | move_rel clicked
2026-01-28 12:24:13 | DEBUG   | ldc | move info: 4.800000000000001 , -0.5333333333332121
2026-01-28 12:24:14 | DEBUG   | ldc | move_rel clicked
2026-01-28 12:24:14 | DEBUG   | ldc | move info: 5.333333333333394 , -0.5333333333333939
2026-01-28 12:24:14 | DEBUG   | ldc | move_rel clicked
2026-01-28 12:24:14 | DEBUG   | ldc | move info: 5.333333333333304 , 0.0
2026-01-28 12:24:14 | DEBUG   | ldc | move_rel clicked
2026-01-28 12:24:14 | DEBUG   | ldc | move info: 3.2 , -1.066666666666606
2026-01-28 12:24:14 | DEBUG   | ldc | move_rel clicked
2026-01-28 12:24:14 | DEBUG   | ldc | move info: 1.6 , -2.666666666666788
2026-01-28 12:24:14 | DEBUG   | ldc | move_rel clicked
2026-01-28 12:24:14 | DEBUG   | ldc | move info: 0.533333333333303 , -5.333333333333212
2026-01-28 12:24:14 | DEBUG   | ldc | move_rel clicked
2026-01-28 12:24:14 | DEBUG   | ldc | move info: 0.0 , -2.133333333333394
2026-01-28 12:24:14 | DEBUG   | ldc | move_rel clicked
2026-01-28 12:24:14 | DEBUG   | ldc | move info: 13.333333333333304 , 8.0
2026-01-28 12:24:14 | DEBUG   | ldc | move_rel clicked
2026-01-28 12:24:14 | DEBUG   | ldc | move info: 0.0 , 0.0
2026-01-28 12:24:14 | DEBUG   | ldc | move_rel clicked
2026-01-28 12:24:14 | DEBUG   | ldc | move info: 10.666666666666698 , 3.7333333333333942
2026-01-28 12:24:14 | DEBUG   | ldc | move_rel clicked
2026-01-28 12:24:14 | DEBUG   | ldc | move info: 2.133333333333303 , 1.066666666666606
2026-01-28 12:24:14 | DEBUG   | ldc | move_rel clicked
2026-01-28 12:24:14 | DEBUG   | ldc | move info: 8.0 , 2.666666666666606
2026-01-28 12:24:14 | DEBUG   | ldc | move_rel clicked
2026-01-28 12:24:14 | DEBUG   | ldc | move info: 9.066666666666697 , 2.666666666666788
2026-01-28 12:24:14 | DEBUG   | ldc | move_rel clicked
2026-01-28 12:24:14 | DEBUG   | ldc | move info: 8.533333333333303 , 2.133333333333212
2026-01-28 12:24:14 | DEBUG   | ldc | move_rel clicked
2026-01-28 12:24:14 | DEBUG   | ldc | move info: 8.53333333333335 , 0.5333333333333939
2026-01-28 12:24:14 | DEBUG   | ldc | move_rel clicked
2026-01-28 12:24:14 | DEBUG   | ldc | move info: 8.53333333333335 , 1.066666666666606
2026-01-28 12:24:14 | DEBUG   | ldc | move_rel clicked
2026-01-28 12:24:14 | DEBUG   | ldc | move info: 8.533333333333303 , 0.5333333333333939
2026-01-28 12:24:14 | DEBUG   | ldc | move_rel clicked
2026-01-28 12:24:14 | DEBUG   | ldc | move info: 8.0 , 0.0
2026-01-28 12:24:14 | DEBUG   | ldc | move_rel clicked
2026-01-28 12:24:14 | DEBUG   | ldc | move info: 4.800000000000001 , 0.0
2026-01-28 12:24:14 | DEBUG   | ldc | move_rel clicked
2026-01-28 12:24:14 | DEBUG   | ldc | move info: 1.6 , 0.0
2026-01-28 12:24:14 | DEBUG   | ldc | move_rel clicked
2026-01-28 12:24:14 | DEBUG   | ldc | move info: 0.533333333333303 , -3.2
2026-01-28 12:24:14 | DEBUG   | ldc | move_rel clicked
2026-01-28 12:24:14 | DEBUG   | ldc | move info: 0.5333333333333939 , -5.866666666666607
2026-01-28 12:24:14 | DEBUG   | ldc | move_rel clicked
2026-01-28 12:24:14 | DEBUG   | ldc | move info: 2.666666666666606 , -5.333333333333394
2026-01-28 12:24:14 | DEBUG   | ldc | move_rel clicked
2026-01-28 12:24:14 | DEBUG   | ldc | move info: 5.866666666666697 , -5.866666666666607
2026-01-28 12:24:14 | DEBUG   | ldc | move_rel clicked
2026-01-28 12:24:14 | DEBUG   | ldc | move info: 9.066666666666697 , -6.4
2026-01-28 12:24:14 | DEBUG   | ldc | move_rel clicked
2026-01-28 12:24:14 | DEBUG   | ldc | move info: 9.600000000000001 , -8.533333333333394
2026-01-28 12:24:14 | DEBUG   | ldc | move_rel clicked
2026-01-28 12:24:14 | DEBUG   | ldc | move info: 6.933333333333303 , -8.0
2026-01-28 12:24:14 | DEBUG   | ldc | move_rel clicked
2026-01-28 12:24:14 | DEBUG   | ldc | move info: 5.866666666666697 , -9.066666666666606
2026-01-28 12:24:14 | DEBUG   | ldc | move_rel clicked
2026-01-28 12:24:14 | DEBUG   | ldc | move info: 4.266666666666606 , -8.0
2026-01-28 12:24:14 | DEBUG   | ldc | move_rel clicked
2026-01-28 12:24:14 | DEBUG   | ldc | move info: 4.800000000000001 , -6.4
2026-01-28 12:24:14 | DEBUG   | ldc | move_rel clicked
2026-01-28 12:24:14 | DEBUG   | ldc | move info: 5.866666666666697 , -6.933333333333394
2026-01-28 12:24:14 | DEBUG   | ldc | move_rel clicked
2026-01-28 12:24:14 | DEBUG   | ldc | move info: 6.933333333333303 , -7.466666666666606
2026-01-28 12:24:14 | DEBUG   | ldc | move_rel clicked
2026-01-28 12:24:14 | DEBUG   | ldc | move info: 7.466666666666697 , -7.4666666666667885
2026-01-28 12:24:14 | DEBUG   | ldc | move_rel clicked
2026-01-28 12:24:14 | DEBUG   | ldc | move info: 6.933333333333303 , -9.066666666666606
2026-01-28 12:24:14 | DEBUG   | ldc | move_rel clicked
2026-01-28 12:24:14 | DEBUG   | ldc | move info: 6.4 , -8.533333333333394
2026-01-28 12:24:14 | DEBUG   | ldc | move_rel clicked
2026-01-28 12:24:14 | DEBUG   | ldc | move info: 5.866666666666697 , -8.0
2026-01-28 12:24:14 | DEBUG   | ldc | move_rel clicked
2026-01-28 12:24:14 | DEBUG   | ldc | move info: 4.800000000000001 , -8.0
2026-01-28 12:24:14 | DEBUG   | ldc | move_rel clicked
2026-01-28 12:24:14 | DEBUG   | ldc | move info: 5.333333333333304 , -6.933333333333213
2026-01-28 12:24:14 | DEBUG   | ldc | move_rel clicked
2026-01-28 12:24:14 | DEBUG   | ldc | move info: 3.2 , -6.933333333333394
2026-01-28 12:24:14 | DEBUG   | ldc | move_rel clicked
2026-01-28 12:24:14 | DEBUG   | ldc | move info: 1.6 , -7.466666666666606
2026-01-28 12:24:14 | DEBUG   | ldc | move_rel clicked
2026-01-28 12:24:14 | DEBUG   | ldc | move info: 0.0 , -9.600000000000001
2026-01-28 12:24:14 | DEBUG   | ldc | move_rel clicked
2026-01-28 12:24:14 | DEBUG   | ldc | move info: 0.0 , -9.600000000000001
2026-01-28 12:24:14 | DEBUG   | ldc | move_rel clicked
2026-01-28 12:24:14 | DEBUG   | ldc | move info: -2.133333333333303 , -6.933333333333394
2026-01-28 12:24:14 | DEBUG   | ldc | move_rel clicked
2026-01-28 12:24:14 | DEBUG   | ldc | move info: -1.066666666666697 , -4.800000000000001
2026-01-28 12:24:14 | DEBUG   | ldc | move_rel clicked
2026-01-28 12:24:14 | DEBUG   | ldc | move info: -0.533333333333303 , -3.2
2026-01-28 12:24:14 | DEBUG   | ldc | move_rel clicked
2026-01-28 12:24:14 | DEBUG   | ldc | move info: 0.0 , -2.666666666666606
2026-01-28 12:24:14 | DEBUG   | ldc | move_rel clicked
2026-01-28 12:24:14 | DEBUG   | ldc | move info: -0.533333333333303 , -3.2
2026-01-28 12:24:14 | DEBUG   | ldc | move_rel clicked
2026-01-28 12:24:14 | DEBUG   | ldc | move info: -1.066666666666697 , -3.7333333333333942
2026-01-28 12:24:14 | DEBUG   | ldc | move_rel clicked
2026-01-28 12:24:14 | DEBUG   | ldc | move info: -2.133333333333303 , -4.266666666666606
2026-01-28 12:24:14 | DEBUG   | ldc | move_rel clicked
2026-01-28 12:24:15 | DEBUG   | ldc | move info: -2.666666666666697 , -3.2
2026-01-28 12:24:15 | DEBUG   | ldc | move_rel clicked
2026-01-28 12:24:15 | DEBUG   | ldc | move info: -4.800000000000001 , -1.0666666666667879
2026-01-28 12:24:15 | DEBUG   | ldc | move_rel clicked
2026-01-28 12:24:15 | DEBUG   | ldc | move info: -5.333333333333304 , -0.5333333333332121
2026-01-28 12:24:15 | DEBUG   | ldc | move_rel clicked
2026-01-28 12:24:15 | DEBUG   | ldc | move info: -6.4 , 0.0
2026-01-28 12:24:15 | DEBUG   | ldc | move_rel clicked
2026-01-28 12:24:15 | DEBUG   | ldc | move info: -9.066666666666697 , 0.0
2026-01-28 12:24:15 | DEBUG   | ldc | move_rel clicked
2026-01-28 12:24:15 | DEBUG   | ldc | move info: -12.8 , 0.0
2026-01-28 12:24:15 | DEBUG   | ldc | move_rel clicked
2026-01-28 12:24:15 | DEBUG   | ldc | move info: -17.0666666666667 , 0.5333333333332121
2026-01-28 12:24:15 | DEBUG   | ldc | move_rel clicked
2026-01-28 12:24:15 | DEBUG   | ldc | move info: -20.26666666666661 , 10.133333333333395
2026-01-28 12:24:15 | DEBUG   | ldc | move_rel clicked
2026-01-28 12:24:15 | DEBUG   | ldc | move info: -22.933333333333394 , 16.0
2026-01-28 12:24:15 | DEBUG   | ldc | move_rel clicked
2026-01-28 12:24:15 | DEBUG   | ldc | move info: -23.466666666666608 , 19.733333333333395
2026-01-28 12:24:15 | DEBUG   | ldc | move_rel clicked
2026-01-28 12:24:15 | DEBUG   | ldc | move info: -21.33333333333335 , 21.333333333333215
2026-01-28 12:24:15 | DEBUG   | ldc | move_rel clicked
2026-01-28 12:24:15 | DEBUG   | ldc | move info: -19.200000000000003 , 19.733333333333395
2026-01-28 12:24:15 | DEBUG   | ldc | move_rel clicked
2026-01-28 12:24:15 | DEBUG   | ldc | move info: -18.13333333333335 , 17.6
2026-01-28 12:24:15 | DEBUG   | ldc | move_rel clicked
2026-01-28 12:24:15 | DEBUG   | ldc | move info: -14.4 , 14.933333333333394
2026-01-28 12:24:15 | DEBUG   | ldc | move_rel clicked
2026-01-28 12:24:15 | DEBUG   | ldc | move info: -11.200000000000001 , 12.266666666666607
2026-01-28 12:24:15 | DEBUG   | ldc | move_rel clicked
2026-01-28 12:24:15 | DEBUG   | ldc | move info: -7.466666666666652 , 11.200000000000001
2026-01-28 12:24:15 | DEBUG   | ldc | move_rel clicked
2026-01-28 12:24:15 | DEBUG   | ldc | move info: -7.466666666666652 , 10.133333333333395
2026-01-28 12:24:15 | DEBUG   | ldc | move_rel clicked
2026-01-28 12:24:15 | DEBUG   | ldc | move info: -6.933333333333349 , 10.666666666666607
2026-01-28 12:24:15 | DEBUG   | ldc | move_rel clicked
2026-01-28 12:24:15 | DEBUG   | ldc | move info: -6.4 , 10.133333333333395
2026-01-28 12:24:15 | DEBUG   | ldc | move_rel clicked
2026-01-28 12:24:15 | DEBUG   | ldc | move info: -5.866666666666652 , 8.533333333333212
2026-01-28 12:24:15 | DEBUG   | ldc | move_rel clicked
2026-01-28 12:24:15 | DEBUG   | ldc | move info: -5.866666666666697 , 8.533333333333394
2026-01-28 12:24:15 | DEBUG   | ldc | move_rel clicked
2026-01-28 12:24:15 | DEBUG   | ldc | move info: -3.733333333333303 , 5.866666666666607
2026-01-28 12:24:15 | DEBUG   | ldc | move_rel clicked
2026-01-28 12:24:15 | DEBUG   | ldc | move info: -4.266666666666697 , 6.933333333333394
2026-01-28 12:24:15 | DEBUG   | ldc | move_rel clicked
2026-01-28 12:24:15 | DEBUG   | ldc | move info: -4.2666666666666515 , 6.4
2026-01-28 12:24:15 | DEBUG   | ldc | move_rel clicked
2026-01-28 12:24:15 | DEBUG   | ldc | move info: -3.2 , 6.4
2026-01-28 12:24:15 | DEBUG   | ldc | move_rel clicked
2026-01-28 12:24:15 | DEBUG   | ldc | move info: -3.7333333333333485 , 5.333333333333394
2026-01-28 12:24:15 | DEBUG   | ldc | move_rel clicked
2026-01-28 12:24:15 | DEBUG   | ldc | move info: -3.2 , 5.333333333333212
2026-01-28 12:24:15 | DEBUG   | ldc | move_rel clicked
2026-01-28 12:24:15 | DEBUG   | ldc | move info: -3.2 , 3.7333333333333942
2026-01-28 12:24:15 | DEBUG   | ldc | move_rel clicked
2026-01-28 12:24:15 | DEBUG   | ldc | move info: -1.6 , 2.666666666666606
2026-01-28 12:24:15 | DEBUG   | ldc | move_rel clicked
2026-01-28 12:24:15 | DEBUG   | ldc | move info: -2.133333333333303 , 2.133333333333394
2026-01-28 12:24:15 | DEBUG   | ldc | move_rel clicked
2026-01-28 12:24:15 | DEBUG   | ldc | move info: -1.6 , 1.066666666666606
2026-01-28 12:24:15 | DEBUG   | ldc | move_rel clicked
2026-01-28 12:24:15 | DEBUG   | ldc | move info: -2.1333333333333484 , 1.0666666666667879
2026-01-28 12:24:15 | DEBUG   | ldc | move_rel clicked
2026-01-28 12:24:15 | DEBUG   | ldc | move info: -1.6 , 0.0
2026-01-28 12:24:15 | DEBUG   | ldc | move_rel clicked
2026-01-28 12:24:15 | DEBUG   | ldc | move info: -1.0666666666666516 , 0.0
2026-01-28 12:24:15 | DEBUG   | ldc | move_rel clicked
2026-01-28 12:24:15 | DEBUG   | ldc | move info: -1.066666666666697 , 0.0
2026-01-28 12:24:15 | DEBUG   | ldc | move_rel clicked
2026-01-28 12:24:15 | DEBUG   | ldc | move info: -0.533333333333303 , 0.0
2026-01-28 12:24:15 | DEBUG   | ldc | move_rel clicked
2026-01-28 12:24:15 | DEBUG   | ldc | move info: -0.5333333333333485 , -0.5333333333333939
2026-01-28 12:24:15 | DEBUG   | ldc | move_rel clicked
2026-01-28 12:24:15 | DEBUG   | ldc | move info: 0.0 , -2.666666666666606
2026-01-28 12:24:15 | DEBUG   | ldc | move_rel clicked
2026-01-28 12:24:15 | DEBUG   | ldc | move info: 0.0 , -2.666666666666788
2026-01-28 12:24:15 | DEBUG   | ldc | move_rel clicked
2026-01-28 12:24:15 | DEBUG   | ldc | move info: 0.0 , -2.133333333333212
2026-01-28 12:24:15 | DEBUG   | ldc | move_rel clicked
2026-01-28 12:24:15 | DEBUG   | ldc | move info: 0.0 , -3.7333333333333942
2026-01-28 12:24:15 | DEBUG   | ldc | move_rel clicked
2026-01-28 12:24:15 | DEBUG   | ldc | move info: 0.5333333333333485 , -6.4
2026-01-28 12:24:15 | DEBUG   | ldc | move_rel clicked
2026-01-28 12:24:15 | DEBUG   | ldc | move info: 4.2666666666666515 , -6.933333333333394
2026-01-28 12:24:15 | DEBUG   | ldc | move_rel clicked
2026-01-28 12:24:15 | DEBUG   | ldc | move info: 4.800000000000001 , -5.866666666666607
2026-01-28 12:24:15 | DEBUG   | ldc | move_rel clicked
2026-01-28 12:24:15 | DEBUG   | ldc | move info: 2.666666666666652 , -3.7333333333333942
2026-01-28 12:24:15 | DEBUG   | ldc | move_rel clicked
2026-01-28 12:24:15 | DEBUG   | ldc | move info: 1.6 , -2.666666666666606
2026-01-28 12:24:15 | DEBUG   | ldc | move_rel clicked
2026-01-28 12:24:15 | DEBUG   | ldc | move info: 1.066666666666697 , -1.6
2026-01-28 12:24:15 | DEBUG   | ldc | move_rel clicked
2026-01-28 12:24:15 | DEBUG   | ldc | move info: 0.0 , -1.066666666666606
2026-01-28 12:24:15 | DEBUG   | ldc | move_rel clicked
2026-01-28 12:24:15 | DEBUG   | ldc | move info: -1.6 , 0.0
2026-01-28 12:24:15 | DEBUG   | ldc | move_rel clicked
2026-01-28 12:24:15 | DEBUG   | ldc | move info: -3.7333333333333485 , -1.0666666666667879
2026-01-28 12:24:15 | DEBUG   | ldc | move_rel clicked
2026-01-28 12:24:15 | DEBUG   | ldc | move info: -5.866666666666652 , -2.133333333333212
2026-01-28 12:24:15 | DEBUG   | ldc | move_rel clicked
2026-01-28 12:24:15 | DEBUG   | ldc | move info: -6.4 , -3.7333333333333942
2026-01-28 12:24:15 | DEBUG   | ldc | move_rel clicked
2026-01-28 12:24:15 | DEBUG   | ldc | move info: -6.933333333333349 , -5.866666666666607
2026-01-28 12:24:15 | DEBUG   | ldc | move_rel clicked
2026-01-28 12:24:15 | DEBUG   | ldc | move info: -4.800000000000001 , -5.333333333333394
2026-01-28 12:24:15 | DEBUG   | ldc | move_rel clicked
2026-01-28 12:24:15 | DEBUG   | ldc | move info: -4.2666666666666515 , -6.4
2026-01-28 12:24:15 | DEBUG   | ldc | move_rel clicked
2026-01-28 12:24:15 | DEBUG   | ldc | move info: -3.2 , -6.933333333333394
2026-01-28 12:24:15 | DEBUG   | ldc | move_rel clicked
2026-01-28 12:24:15 | DEBUG   | ldc | move info: -2.1333333333333484 , -8.533333333333212
2026-01-28 12:24:16 | DEBUG   | ldc | move_rel clicked
2026-01-28 12:24:16 | DEBUG   | ldc | move info: -0.5333333333333485 , -11.200000000000001
2026-01-28 12:24:16 | DEBUG   | ldc | move_rel clicked
2026-01-28 12:24:16 | DEBUG   | ldc | move info: 0.0 , -14.4
2026-01-28 12:24:16 | DEBUG   | ldc | move_rel clicked
2026-01-28 12:24:16 | DEBUG   | ldc | move info: 0.0 , -13.866666666666788
2026-01-28 12:24:16 | DEBUG   | ldc | move_rel clicked
2026-01-28 12:24:16 | DEBUG   | ldc | move info: 0.0 , -12.266666666666607
2026-01-28 12:24:16 | DEBUG   | ldc | move_rel clicked
2026-01-28 12:24:16 | DEBUG   | ldc | move info: 0.0 , -8.0
2026-01-28 12:24:16 | DEBUG   | ldc | move_rel clicked
2026-01-28 12:24:16 | DEBUG   | ldc | move info: 2.1333333333333484 , -4.800000000000001
2026-01-28 12:24:16 | DEBUG   | ldc | move_rel clicked
2026-01-28 12:24:16 | DEBUG   | ldc | move info: 2.1333333333333484 , -3.2
2026-01-28 12:24:16 | DEBUG   | ldc | move_rel clicked
2026-01-28 12:24:16 | DEBUG   | ldc | move info: 2.133333333333303 , -2.133333333333394
2026-01-28 12:24:16 | DEBUG   | ldc | move_rel clicked
2026-01-28 12:24:16 | DEBUG   | ldc | move info: 2.1333333333333484 , -2.133333333333212
2026-01-28 12:24:16 | DEBUG   | ldc | move_rel clicked
2026-01-28 12:24:16 | DEBUG   | ldc | move info: 3.2 , -2.666666666666788
2026-01-28 12:24:16 | DEBUG   | ldc | move_rel clicked
2026-01-28 12:24:16 | DEBUG   | ldc | move info: 2.666666666666652 , -2.133333333333212
2026-01-28 12:24:16 | DEBUG   | ldc | move_rel clicked
2026-01-28 12:24:16 | DEBUG   | ldc | move info: 3.2 , -2.666666666666788
2026-01-28 12:24:16 | DEBUG   | ldc | move_rel clicked
2026-01-28 12:24:16 | DEBUG   | ldc | move info: 3.2 , -2.133333333333212
2026-01-28 12:24:16 | DEBUG   | ldc | move_rel clicked
2026-01-28 12:24:16 | DEBUG   | ldc | move info: 2.666666666666697 , -2.133333333333394
2026-01-28 12:24:16 | DEBUG   | ldc | move_rel clicked
2026-01-28 12:24:16 | DEBUG   | ldc | move info: 1.6 , -1.066666666666606
2026-01-28 12:24:16 | DEBUG   | ldc | move_rel clicked
2026-01-28 12:24:16 | DEBUG   | ldc | move info: 1.6 , -1.0666666666667879
2026-01-28 12:24:16 | DEBUG   | ldc | move_rel clicked
2026-01-28 12:24:16 | DEBUG   | ldc | move info: 1.0666666666666516 , 0.0
2026-01-28 12:24:16 | DEBUG   | ldc | move_rel clicked
2026-01-28 12:24:16 | DEBUG   | ldc | move info: 0.0 , 1.0666666666667879
2026-01-28 12:24:16 | DEBUG   | ldc | move_rel clicked
2026-01-28 12:24:16 | DEBUG   | ldc | move info: 0.0 , 2.133333333333212
2026-01-28 12:24:16 | DEBUG   | ldc | move_rel clicked
2026-01-28 12:24:16 | DEBUG   | ldc | move info: 0.0 , 1.6
2026-01-28 12:24:16 | DEBUG   | ldc | move_rel clicked
2026-01-28 12:24:16 | DEBUG   | ldc | move info: 0.0 , 1.6
2026-01-28 12:24:16 | DEBUG   | ldc | move_rel clicked
2026-01-28 12:24:16 | DEBUG   | ldc | move info: 0.0 , 1.0666666666667879
2026-01-28 12:24:16 | DEBUG   | ldc | move_rel clicked
2026-01-28 12:24:16 | DEBUG   | ldc | move info: 0.0 , 0.5333333333332121
2026-01-28 12:24:16 | DEBUG   | ldc | move_rel clicked
2026-01-28 12:24:16 | DEBUG   | ldc | move info: 0.0 , 0.5333333333333939
2026-01-28 12:24:16 | DEBUG   | ldc | move_rel clicked
2026-01-28 12:24:16 | DEBUG   | ldc | click event type=click
2026-01-28 12:24:16 | DEBUG   | ldc | click event type=click
2026-01-28 12:24:17 | DEBUG   | ldc | click event type=click
2026-01-28 12:24:17 | DEBUG   | ldc | click event type=click
2026-01-28 12:24:18 | DEBUG   | ldc | click event type=click
2026-01-28 12:24:18 | DEBUG   | ldc | click event type=click
2026-01-28 12:24:18 | DEBUG   | ldc | click event type=click
2026-01-28 12:24:19 | DEBUG   | ldc | click event type=click
2026-01-28 12:24:19 | DEBUG   | ldc | click event type=click
2026-01-28 12:24:19 | DEBUG   | ldc | click event type=click
2026-01-28 12:24:19 | DEBUG   | ldc | click event type=click
2026-01-28 12:24:20 | DEBUG   | ldc | click event type=click
2026-01-28 12:24:22 | DEBUG   | ldc | click event type=click
2026-01-28 12:24:22 | DEBUG   | ldc | click event type=click
2026-01-28 12:24:23 | DEBUG   | ldc | click event type=click
2026-01-28 12:24:23 | DEBUG   | ldc | click event type=click
2026-01-28 12:24:24 | DEBUG   | ldc | move info: 3.7333333333333485 , 12.266666666666607
2026-01-28 12:24:24 | DEBUG   | ldc | move_rel clicked
2026-01-28 12:24:24 | DEBUG   | ldc | move info: 0.0 , 0.0
2026-01-28 12:24:24 | DEBUG   | ldc | move_rel clicked
2026-01-28 12:24:24 | DEBUG   | ldc | move info: -3.2 , 4.800000000000001
2026-01-28 12:24:24 | DEBUG   | ldc | move_rel clicked
2026-01-28 12:24:24 | DEBUG   | ldc | move info: -1.066666666666697 , 1.6
2026-01-28 12:24:24 | DEBUG   | ldc | move_rel clicked
2026-01-28 12:24:24 | DEBUG   | ldc | move info: -2.666666666666652 , 4.266666666666606
2026-01-28 12:24:24 | DEBUG   | ldc | move_rel clicked
2026-01-28 12:24:24 | DEBUG   | ldc | move info: -3.7333333333333485 , 4.800000000000001
2026-01-28 12:24:24 | DEBUG   | ldc | move_rel clicked
2026-01-28 12:24:24 | DEBUG   | ldc | move info: -3.2 , 5.866666666666788
2026-01-28 12:24:24 | DEBUG   | ldc | move_rel clicked
2026-01-28 12:24:24 | DEBUG   | ldc | move info: -2.666666666666652 , 5.333333333333212
2026-01-28 12:24:24 | DEBUG   | ldc | move_rel clicked
2026-01-28 12:24:24 | DEBUG   | ldc | move info: -3.2 , 5.866666666666788
2026-01-28 12:24:24 | DEBUG   | ldc | move_rel clicked
2026-01-28 12:24:24 | DEBUG   | ldc | move info: -2.1333333333333484 , 5.333333333333212
2026-01-28 12:24:24 | DEBUG   | ldc | move_rel clicked
2026-01-28 12:24:24 | DEBUG   | ldc | move info: -1.6 , 3.7333333333333942
2026-01-28 12:24:24 | DEBUG   | ldc | move_rel clicked
2026-01-28 12:24:24 | DEBUG   | ldc | move info: -1.0666666666666516 , 2.666666666666606
2026-01-28 12:24:24 | DEBUG   | ldc | move_rel clicked
2026-01-28 12:24:24 | DEBUG   | ldc | move info: 0.0 , 1.0666666666667879
2026-01-28 12:24:24 | DEBUG   | ldc | move_rel clicked
2026-01-28 12:24:24 | DEBUG   | ldc | move info: -0.5333333333333485 , 0.0
2026-01-28 12:24:24 | DEBUG   | ldc | move_rel clicked
2026-01-28 12:24:24 | DEBUG   | ldc | move info: -3.2 , 0.0
2026-01-28 12:24:24 | DEBUG   | ldc | move_rel clicked
2026-01-28 12:24:24 | DEBUG   | ldc | move info: -6.4 , -1.0666666666667879
2026-01-28 12:24:24 | DEBUG   | ldc | move_rel clicked
2026-01-28 12:24:24 | DEBUG   | ldc | move info: -6.4 , -1.6
2026-01-28 12:24:24 | DEBUG   | ldc | move_rel clicked
2026-01-28 12:24:24 | DEBUG   | ldc | move info: -5.333333333333304 , -1.066666666666606
2026-01-28 12:24:24 | DEBUG   | ldc | move_rel clicked
2026-01-28 12:24:24 | DEBUG   | ldc | move info: -2.666666666666697 , 0.0
2026-01-28 12:24:24 | DEBUG   | ldc | move_rel clicked
2026-01-28 12:24:24 | DEBUG   | ldc | move info: -1.0666666666666516 , 0.0
2026-01-28 12:24:24 | DEBUG   | ldc | move_rel clicked
2026-01-28 12:24:24 | DEBUG   | ldc | move info: 2.1333333333333484 , 0.0
2026-01-28 12:24:24 | DEBUG   | ldc | move_rel clicked
2026-01-28 12:24:24 | DEBUG   | ldc | move info: 2.666666666666652 , 0.0
2026-01-28 12:24:24 | DEBUG   | ldc | move_rel clicked
2026-01-28 12:24:24 | DEBUG   | ldc | move info: 3.2 , 0.0
2026-01-28 12:24:24 | DEBUG   | ldc | move_rel clicked
2026-01-28 12:24:24 | DEBUG   | ldc | move info: 3.2 , 0.0
2026-01-28 12:24:24 | DEBUG   | ldc | move_rel clicked
2026-01-28 12:24:24 | DEBUG   | ldc | move info: 3.7333333333333485 , 0.0
2026-01-28 12:24:24 | DEBUG   | ldc | move_rel clicked
2026-01-28 12:24:24 | DEBUG   | ldc | move info: 4.2666666666666515 , 0.0
2026-01-28 12:24:24 | DEBUG   | ldc | move_rel clicked
2026-01-28 12:24:24 | DEBUG   | ldc | move info: 3.7333333333333485 , 0.5333333333333939
2026-01-28 12:24:24 | DEBUG   | ldc | move_rel clicked
2026-01-28 12:24:24 | DEBUG   | ldc | move info: 3.733333333333303 , 2.666666666666606
2026-01-28 12:24:24 | DEBUG   | ldc | move_rel clicked
2026-01-28 12:24:24 | DEBUG   | ldc | move info: 3.2 , 2.133333333333394
2026-01-28 12:24:24 | DEBUG   | ldc | move_rel clicked
2026-01-28 12:24:24 | DEBUG   | ldc | move info: 2.666666666666697 , 1.6
2026-01-28 12:24:24 | DEBUG   | ldc | move_rel clicked
2026-01-28 12:24:24 | DEBUG   | ldc | move info: 2.133333333333303 , 1.6
2026-01-28 12:24:24 | DEBUG   | ldc | move_rel clicked
2026-01-28 12:24:24 | DEBUG   | ldc | move info: 1.066666666666697 , 0.5333333333332121
2026-01-28 12:24:24 | DEBUG   | ldc | move_rel clicked
2026-01-28 12:24:24 | DEBUG   | ldc | move info: 1.6 , 1.0666666666667879
2026-01-28 12:24:24 | DEBUG   | ldc | move_rel clicked
2026-01-28 12:24:24 | DEBUG   | ldc | move info: 1.6 , 0.5333333333332121
2026-01-28 12:24:24 | DEBUG   | ldc | move_rel clicked
2026-01-28 12:24:24 | DEBUG   | ldc | move info: 1.0666666666666516 , 0.0
2026-01-28 12:24:24 | DEBUG   | ldc | move_rel clicked
2026-01-28 12:24:44 | DEBUG   | ldc | move info: 17.066666666666652 , -9.066666666666606
2026-01-28 12:24:44 | DEBUG   | ldc | move_rel clicked
2026-01-28 12:24:44 | DEBUG   | ldc | move info: 0.0 , 0.0
2026-01-28 12:24:44 | DEBUG   | ldc | move_rel clicked
2026-01-28 12:24:44 | DEBUG   | ldc | move info: 10.666666666666698 , -6.933333333333394
2026-01-28 12:24:44 | DEBUG   | ldc | move_rel clicked
2026-01-28 12:24:44 | DEBUG   | ldc | move info: 10.666666666666607 , -6.933333333333394
2026-01-28 12:24:44 | DEBUG   | ldc | move_rel clicked
2026-01-28 12:24:44 | DEBUG   | ldc | move info: 10.666666666666698 , -8.533333333333212
2026-01-28 12:24:44 | DEBUG   | ldc | move_rel clicked
2026-01-28 12:24:44 | DEBUG   | ldc | move info: 10.666666666666698 , -10.133333333333395
2026-01-28 12:24:44 | DEBUG   | ldc | move_rel clicked
2026-01-28 12:24:44 | DEBUG   | ldc | move info: 9.600000000000001 , -13.333333333333394
2026-01-28 12:24:44 | DEBUG   | ldc | move_rel clicked
2026-01-28 12:24:44 | DEBUG   | ldc | move info: 8.533333333333303 , -14.933333333333213
2026-01-28 12:24:44 | DEBUG   | ldc | move_rel clicked
2026-01-28 12:24:44 | DEBUG   | ldc | move info: 5.866666666666697 , -13.866666666666788
2026-01-28 12:24:44 | DEBUG   | ldc | move_rel clicked
2026-01-28 12:24:44 | DEBUG   | ldc | move info: 4.800000000000001 , -13.333333333333213
2026-01-28 12:24:44 | DEBUG   | ldc | move_rel clicked
2026-01-28 12:24:44 | DEBUG   | ldc | move info: 3.733333333333303 , -14.4
2026-01-28 12:24:44 | DEBUG   | ldc | move_rel clicked
2026-01-28 12:24:44 | DEBUG   | ldc | move info: 4.800000000000001 , -12.8
2026-01-28 12:24:44 | DEBUG   | ldc | move_rel clicked
2026-01-28 12:24:44 | DEBUG   | ldc | move info: 4.800000000000001 , -10.133333333333395
2026-01-28 12:24:44 | DEBUG   | ldc | move_rel clicked
2026-01-28 12:24:44 | DEBUG   | ldc | move info: 4.266666666666697 , -7.466666666666606
2026-01-28 12:24:44 | DEBUG   | ldc | move_rel clicked
2026-01-28 12:24:44 | DEBUG   | ldc | move info: 5.333333333333304 , -3.2
2026-01-28 12:24:44 | DEBUG   | ldc | move_rel clicked
2026-01-28 12:24:44 | DEBUG   | ldc | move info: 6.4 , -3.7333333333333942
2026-01-28 12:24:44 | DEBUG   | ldc | move_rel clicked
2026-01-28 12:24:44 | DEBUG   | ldc | move info: 7.466666666666697 , -4.800000000000001
2026-01-28 12:24:44 | DEBUG   | ldc | move_rel clicked
2026-01-28 12:24:44 | DEBUG   | ldc | move info: 8.0 , -5.333333333333394
2026-01-28 12:24:44 | DEBUG   | ldc | move_rel clicked
2026-01-28 12:24:44 | DEBUG   | ldc | move info: 9.066666666666606 , -8.533333333333212
2026-01-28 12:24:44 | DEBUG   | ldc | move_rel clicked
2026-01-28 12:24:44 | DEBUG   | ldc | move info: 11.200000000000001 , -12.266666666666788
2026-01-28 12:24:44 | DEBUG   | ldc | move_rel clicked
2026-01-28 12:24:44 | DEBUG   | ldc | move info: 5.333333333333394 , -8.533333333333212
2026-01-28 12:24:44 | DEBUG   | ldc | move_rel clicked
2026-01-28 12:24:45 | DEBUG   | ldc | move info: -4.266666666666697 , -29.333333333333215
2026-01-28 12:24:45 | DEBUG   | ldc | move_rel clicked
2026-01-28 12:24:45 | DEBUG   | ldc | move info: 0.0 , 0.0
2026-01-28 12:24:45 | DEBUG   | ldc | move_rel clicked
2026-01-28 12:24:45 | DEBUG   | ldc | move info: 0.0 , -40.0
2026-01-28 12:24:45 | DEBUG   | ldc | move_rel clicked
2026-01-28 12:24:45 | DEBUG   | ldc | move info: -3.733333333333303 , -47.46666666666679
2026-01-28 12:24:45 | DEBUG   | ldc | move_rel clicked
2026-01-28 12:24:45 | DEBUG   | ldc | move info: -3.2 , -46.933333333333216
2026-01-28 12:24:45 | DEBUG   | ldc | move_rel clicked
2026-01-28 12:24:45 | DEBUG   | ldc | move info: -2.133333333333303 , -43.7333333333334
2026-01-28 12:24:45 | DEBUG   | ldc | move_rel clicked
2026-01-28 12:24:45 | DEBUG   | ldc | move info: 0.0 , -38.400000000000006
2026-01-28 12:24:45 | DEBUG   | ldc | move_rel clicked
2026-01-28 12:24:45 | DEBUG   | ldc | move info: 3.2 , -30.933333333333394
2026-01-28 12:24:45 | DEBUG   | ldc | move_rel clicked
2026-01-28 12:24:45 | DEBUG   | ldc | move info: 9.066666666666606 , -26.133333333333212
2026-01-28 12:24:45 | DEBUG   | ldc | move_rel clicked
2026-01-28 12:24:45 | DEBUG   | ldc | move info: 10.666666666666698 , -23.46666666666679
2026-01-28 12:24:45 | DEBUG   | ldc | move_rel clicked
2026-01-28 12:24:45 | DEBUG   | ldc | move info: 6.4 , -12.266666666666607
2026-01-28 12:24:45 | DEBUG   | ldc | move_rel clicked
2026-01-28 12:24:45 | DEBUG   | ldc | move info: -4.800000000000001 , -31.466666666666608
2026-01-28 12:24:45 | DEBUG   | ldc | move_rel clicked
2026-01-28 12:24:45 | DEBUG   | ldc | move info: 0.0 , 0.0
2026-01-28 12:24:45 | DEBUG   | ldc | move_rel clicked
2026-01-28 12:24:45 | DEBUG   | ldc | move info: -6.4 , -28.8
2026-01-28 12:24:45 | DEBUG   | ldc | move_rel clicked
2026-01-28 12:24:45 | DEBUG   | ldc | move info: -8.533333333333303 , -30.933333333333394
2026-01-28 12:24:45 | DEBUG   | ldc | move_rel clicked
2026-01-28 12:24:45 | DEBUG   | ldc | move info: -6.4 , -30.933333333333213
2026-01-28 12:24:45 | DEBUG   | ldc | move_rel clicked
2026-01-28 12:24:45 | DEBUG   | ldc | move info: -4.266666666666697 , -28.26666666666679
2026-01-28 12:24:45 | DEBUG   | ldc | move_rel clicked
2026-01-28 12:24:45 | DEBUG   | ldc | move info: -1.6 , -21.866666666666607
2026-01-28 12:24:45 | DEBUG   | ldc | move_rel clicked
2026-01-28 12:24:45 | DEBUG   | ldc | move info: 0.0 , -13.333333333333394
2026-01-28 12:24:45 | DEBUG   | ldc | move_rel clicked
2026-01-28 12:24:45 | DEBUG   | ldc | move info: 0.0 , -9.600000000000001
2026-01-28 12:24:45 | DEBUG   | ldc | move_rel clicked
2026-01-28 12:24:45 | DEBUG   | ldc | move info: 0.0 , -8.533333333333212
2026-01-28 12:24:45 | DEBUG   | ldc | move_rel clicked
2026-01-28 12:24:45 | DEBUG   | ldc | move info: 0.0 , -8.0
2026-01-28 12:24:45 | DEBUG   | ldc | move_rel clicked
2026-01-28 12:24:45 | DEBUG   | ldc | move info: 1.6 , -5.866666666666788
2026-01-28 12:24:45 | DEBUG   | ldc | move_rel clicked
2026-01-28 12:24:45 | DEBUG   | ldc | move info: 2.133333333333303 , -4.800000000000001
2026-01-28 12:24:45 | DEBUG   | ldc | move_rel clicked
2026-01-28 12:24:45 | DEBUG   | ldc | move info: 2.666666666666697 , -3.2
2026-01-28 12:24:45 | DEBUG   | ldc | move_rel clicked
2026-01-28 12:24:45 | DEBUG   | ldc | move info: 2.666666666666697 , -2.133333333333212
2026-01-28 12:24:45 | DEBUG   | ldc | move_rel clicked
2026-01-28 12:24:45 | DEBUG   | ldc | move info: 2.666666666666606 , -1.0666666666667879
2026-01-28 12:24:45 | DEBUG   | ldc | move_rel clicked
2026-01-28 12:24:45 | DEBUG   | ldc | move info: 4.800000000000001 , -0.5333333333332121
2026-01-28 12:24:45 | DEBUG   | ldc | move_rel clicked
2026-01-28 12:24:45 | DEBUG   | ldc | move info: 6.933333333333394 , 0.0
2026-01-28 12:24:45 | DEBUG   | ldc | move_rel clicked
2026-01-28 12:24:45 | DEBUG   | ldc | move info: 10.133333333333304 , 0.0
2026-01-28 12:24:45 | DEBUG   | ldc | move_rel clicked
2026-01-28 12:24:45 | DEBUG   | ldc | move info: 10.666666666666698 , 0.0
2026-01-28 12:24:45 | DEBUG   | ldc | move_rel clicked
2026-01-28 12:24:45 | DEBUG   | ldc | move info: 11.200000000000001 , 0.0
2026-01-28 12:24:45 | DEBUG   | ldc | move_rel clicked
2026-01-28 12:24:45 | DEBUG   | ldc | move info: 11.733333333333304 , 0.0
2026-01-28 12:24:45 | DEBUG   | ldc | move_rel clicked
2026-01-28 12:24:45 | DEBUG   | ldc | move info: 10.666666666666698 , 0.0
2026-01-28 12:24:45 | DEBUG   | ldc | move_rel clicked
2026-01-28 12:24:45 | DEBUG   | ldc | move info: 10.133333333333304 , 2.133333333333212
2026-01-28 12:24:45 | DEBUG   | ldc | move_rel clicked
2026-01-28 12:24:45 | DEBUG   | ldc | move info: 9.066666666666697 , 1.6
2026-01-28 12:24:45 | DEBUG   | ldc | move_rel clicked
2026-01-28 12:24:45 | DEBUG   | ldc | move info: 8.533333333333303 , 0.5333333333333939
2026-01-28 12:24:45 | DEBUG   | ldc | move_rel clicked
2026-01-28 12:24:45 | DEBUG   | ldc | move info: 5.333333333333304 , 0.5333333333333939
2026-01-28 12:24:45 | DEBUG   | ldc | move_rel clicked
2026-01-28 12:24:45 | DEBUG   | ldc | move info: 2.666666666666697 , 0.0
2026-01-28 12:24:45 | DEBUG   | ldc | move_rel clicked
2026-01-28 12:24:45 | DEBUG   | ldc | move info: 0.533333333333303 , 0.0
2026-01-28 12:24:45 | DEBUG   | ldc | move_rel clicked
2026-01-28 12:24:45 | DEBUG   | ldc | move info: 0.0 , -1.0666666666667879
2026-01-28 12:24:45 | DEBUG   | ldc | move_rel clicked
2026-01-28 12:24:45 | DEBUG   | ldc | move info: -0.533333333333303 , -2.666666666666606
2026-01-28 12:24:45 | DEBUG   | ldc | move_rel clicked
2026-01-28 12:24:45 | DEBUG   | ldc | move info: -3.2 , -2.133333333333394
2026-01-28 12:24:46 | DEBUG   | ldc | move_rel clicked
2026-01-28 12:24:46 | DEBUG   | ldc | move info: -2.666666666666697 , -2.666666666666606
2026-01-28 12:24:46 | DEBUG   | ldc | move_rel clicked
2026-01-28 12:24:46 | DEBUG   | ldc | move info: -3.733333333333303 , -3.2
2026-01-28 12:24:46 | DEBUG   | ldc | move_rel clicked
2026-01-28 12:24:46 | DEBUG   | ldc | move info: -4.266666666666697 , -3.2
2026-01-28 12:24:46 | DEBUG   | ldc | move_rel clicked
2026-01-28 12:24:46 | DEBUG   | ldc | move info: -3.2 , -3.7333333333333942
2026-01-28 12:24:46 | DEBUG   | ldc | move_rel clicked
2026-01-28 12:24:46 | DEBUG   | ldc | move info: -4.266666666666606 , -3.2
2026-01-28 12:24:46 | DEBUG   | ldc | move_rel clicked
2026-01-28 12:24:46 | DEBUG   | ldc | move info: -4.266666666666697 , -3.2
2026-01-28 12:24:46 | DEBUG   | ldc | move_rel clicked
2026-01-28 12:24:46 | DEBUG   | ldc | move info: -3.733333333333303 , -3.2
2026-01-28 12:24:46 | DEBUG   | ldc | move_rel clicked
2026-01-28 12:24:46 | DEBUG   | ldc | move info: -3.2 , -3.2
2026-01-28 12:24:46 | DEBUG   | ldc | move_rel clicked
2026-01-28 12:24:46 | DEBUG   | ldc | move info: -3.7333333333333942 , -2.133333333333212
2026-01-28 12:24:46 | DEBUG   | ldc | move_rel clicked
2026-01-28 12:24:46 | DEBUG   | ldc | move info: -3.2 , -0.5333333333333939
2026-01-28 12:24:46 | DEBUG   | ldc | move_rel clicked
2026-01-28 12:24:46 | DEBUG   | ldc | move info: -2.133333333333303 , 0.0
2026-01-28 12:24:46 | DEBUG   | ldc | move_rel clicked
2026-01-28 12:24:46 | DEBUG   | ldc | move info: -1.6 , 0.0
2026-01-28 12:24:46 | DEBUG   | ldc | move_rel clicked
2026-01-28 12:24:46 | DEBUG   | ldc | move info: -1.066666666666697 , 3.2
2026-01-28 12:24:46 | DEBUG   | ldc | move_rel clicked
2026-01-28 12:24:46 | DEBUG   | ldc | move info: -0.533333333333303 , 3.7333333333333942
2026-01-28 12:24:46 | DEBUG   | ldc | move_rel clicked
2026-01-28 12:24:46 | DEBUG   | ldc | move info: 0.0 , 3.733333333333212
2026-01-28 12:24:46 | DEBUG   | ldc | move_rel clicked
2026-01-28 12:24:46 | DEBUG   | ldc | click event type=click
2026-01-28 12:24:47 | DEBUG   | ldc | click event type=click
2026-01-28 12:24:47 | DEBUG   | ldc | click event type=click
2026-01-28 12:24:59 | DEBUG   | ldc | move info: 5.866666666666697 , -17.6
2026-01-28 12:24:59 | DEBUG   | ldc | move_rel clicked
2026-01-28 12:24:59 | DEBUG   | ldc | move info: 0.0 , 0.0
2026-01-28 12:24:59 | DEBUG   | ldc | move_rel clicked
2026-01-28 12:24:59 | DEBUG   | ldc | move info: 0.0 , -2.666666666666606
2026-01-28 12:24:59 | DEBUG   | ldc | move_rel clicked
2026-01-28 12:24:59 | DEBUG   | ldc | move info: 0.0 , -2.666666666666606
2026-01-28 12:24:59 | DEBUG   | ldc | move_rel clicked
2026-01-28 12:24:59 | DEBUG   | ldc | move info: 3.2 , -5.866666666666788
2026-01-28 12:24:59 | DEBUG   | ldc | move_rel clicked
2026-01-28 12:24:59 | DEBUG   | ldc | move info: 5.866666666666607 , -6.4
2026-01-28 12:24:59 | DEBUG   | ldc | move_rel clicked
2026-01-28 12:24:59 | DEBUG   | ldc | move info: 10.666666666666698 , -5.333333333333212
2026-01-28 12:24:59 | DEBUG   | ldc | move_rel clicked
2026-01-28 12:24:59 | DEBUG   | ldc | move info: 13.333333333333304 , -4.800000000000001
2026-01-28 12:24:59 | DEBUG   | ldc | move_rel clicked
2026-01-28 12:24:59 | DEBUG   | ldc | move info: 12.266666666666698 , -1.6
2026-01-28 12:24:59 | DEBUG   | ldc | move_rel clicked
2026-01-28 12:24:59 | DEBUG   | ldc | move info: 9.066666666666697 , 0.0
2026-01-28 12:24:59 | DEBUG   | ldc | move_rel clicked
2026-01-28 12:24:59 | DEBUG   | ldc | move info: 7.466666666666606 , 0.0
2026-01-28 12:24:59 | DEBUG   | ldc | move_rel clicked
2026-01-28 12:24:59 | DEBUG   | ldc | move info: 4.800000000000001 , 2.666666666666606
2026-01-28 12:24:59 | DEBUG   | ldc | move_rel clicked
2026-01-28 12:24:59 | DEBUG   | ldc | move info: 5.866666666666697 , 4.266666666666606
2026-01-28 12:24:59 | DEBUG   | ldc | move_rel clicked
2026-01-28 12:24:59 | DEBUG   | ldc | move info: 5.866666666666697 , 2.666666666666788
2026-01-28 12:24:59 | DEBUG   | ldc | move_rel clicked
2026-01-28 12:24:59 | DEBUG   | ldc | move info: 5.333333333333304 , 3.2
2026-01-28 12:24:59 | DEBUG   | ldc | move_rel clicked
2026-01-28 12:24:59 | DEBUG   | ldc | move info: 5.333333333333304 , 2.133333333333212
2026-01-28 12:24:59 | DEBUG   | ldc | move_rel clicked
2026-01-28 12:24:59 | DEBUG   | ldc | move info: 2.666666666666697 , 1.6
2026-01-28 12:24:59 | DEBUG   | ldc | move_rel clicked
2026-01-28 12:24:59 | DEBUG   | ldc | move info: 2.666666666666697 , 1.6
2026-01-28 12:24:59 | DEBUG   | ldc | move_rel clicked
2026-01-28 12:24:59 | DEBUG   | ldc | move info: 1.066666666666606 , 1.0666666666667879
2026-01-28 12:24:59 | DEBUG   | ldc | move_rel clicked
2026-01-28 12:24:59 | DEBUG   | ldc | move info: 0.5333333333333939 , 1.6
2026-01-28 12:24:59 | DEBUG   | ldc | move_rel clicked
2026-01-28 12:24:59 | DEBUG   | ldc | move info: 0.0 , 0.5333333333332121
2026-01-28 12:24:59 | DEBUG   | ldc | move_rel clicked
2026-01-28 12:24:59 | DEBUG   | ldc | move info: 0.0 , 1.0666666666667879
2026-01-28 12:24:59 | DEBUG   | ldc | move_rel clicked
2026-01-28 12:24:59 | DEBUG   | ldc | move info: -0.5333333333333939 , 1.066666666666606
2026-01-28 12:24:59 | DEBUG   | ldc | move_rel clicked
2026-01-28 12:24:59 | DEBUG   | ldc | move info: -5.333333333333304 , 1.066666666666606
2026-01-28 12:24:59 | DEBUG   | ldc | move_rel clicked
2026-01-28 12:24:59 | DEBUG   | ldc | move info: -6.933333333333303 , 0.5333333333333939
2026-01-28 12:24:59 | DEBUG   | ldc | move_rel clicked
2026-01-28 12:24:59 | DEBUG   | ldc | move info: -8.533333333333394 , 0.0
2026-01-28 12:24:59 | DEBUG   | ldc | move_rel clicked
2026-01-28 12:24:59 | DEBUG   | ldc | move info: -10.133333333333304 , 0.0
2026-01-28 12:24:59 | DEBUG   | ldc | move_rel clicked
2026-01-28 12:24:59 | DEBUG   | ldc | move info: -10.666666666666698 , 0.0
2026-01-28 12:24:59 | DEBUG   | ldc | move_rel clicked
2026-01-28 12:24:59 | DEBUG   | ldc | move info: -8.533333333333303 , 0.0
2026-01-28 12:24:59 | DEBUG   | ldc | move_rel clicked
2026-01-28 12:24:59 | DEBUG   | ldc | move info: -7.466666666666697 , -2.133333333333394
2026-01-28 12:24:59 | DEBUG   | ldc | move_rel clicked
2026-01-28 12:24:59 | DEBUG   | ldc | move info: -5.333333333333304 , -2.666666666666606
2026-01-28 12:24:59 | DEBUG   | ldc | move_rel clicked
2026-01-28 12:24:59 | DEBUG   | ldc | move info: -3.733333333333303 , -3.7333333333333942
2026-01-28 12:24:59 | DEBUG   | ldc | move_rel clicked
2026-01-28 12:24:59 | DEBUG   | ldc | move info: -1.6 , -2.666666666666606
2026-01-28 12:24:59 | DEBUG   | ldc | move_rel clicked
2026-01-28 12:24:59 | DEBUG   | ldc | move info: -1.066666666666697 , -2.133333333333394
2026-01-28 12:24:59 | DEBUG   | ldc | move_rel clicked
2026-01-28 12:24:59 | DEBUG   | ldc | move info: -1.066666666666697 , -1.6
2026-01-28 12:24:59 | DEBUG   | ldc | move_rel clicked
2026-01-28 12:24:59 | DEBUG   | ldc | move info: -0.533333333333303 , -1.066666666666606
2026-01-28 12:24:59 | DEBUG   | ldc | move_rel clicked
2026-01-28 12:24:59 | DEBUG   | ldc | move info: -2.133333333333303 , -1.6
2026-01-28 12:24:59 | DEBUG   | ldc | move_rel clicked
2026-01-28 12:24:59 | DEBUG   | ldc | move info: -2.133333333333394 , -1.6
2026-01-28 12:24:59 | DEBUG   | ldc | move_rel clicked
2026-01-28 12:24:59 | DEBUG   | ldc | move info: -2.666666666666606 , -1.066666666666606
2026-01-28 12:24:59 | DEBUG   | ldc | move_rel clicked
2026-01-28 12:24:59 | DEBUG   | ldc | move info: -2.666666666666697 , -1.6
2026-01-28 12:24:59 | DEBUG   | ldc | move_rel clicked
2026-01-28 12:24:59 | DEBUG   | ldc | move info: -3.2 , -1.0666666666667879
2026-01-28 12:25:00 | DEBUG   | ldc | move_rel clicked
2026-01-28 12:25:00 | DEBUG   | ldc | move info: -3.733333333333303 , -1.066666666666606
2026-01-28 12:25:00 | DEBUG   | ldc | move_rel clicked
2026-01-28 12:25:00 | DEBUG   | ldc | move info: -3.7333333333333942 , -1.066666666666606
2026-01-28 12:25:00 | DEBUG   | ldc | move_rel clicked
2026-01-28 12:25:00 | DEBUG   | ldc | move info: -3.2 , -1.0666666666667879
2026-01-28 12:25:00 | DEBUG   | ldc | move_rel clicked
2026-01-28 12:25:00 | DEBUG   | ldc | move info: -3.2 , -0.5333333333332121
2026-01-28 12:25:00 | DEBUG   | ldc | move_rel clicked
2026-01-28 12:25:00 | DEBUG   | ldc | move info: -1.6 , -0.5333333333333939
2026-01-28 12:25:00 | DEBUG   | ldc | move_rel clicked
2026-01-28 12:25:29 | INFO    | ldc | ws client disconnected
2026-01-28 12:28:11 | INFO    | ldc | mouse_worker started
2026-01-28 12:28:11 | INFO    | ldc | http listening on http://0.0.0.0:8888/
2026-01-28 12:28:11 | INFO    | ldc | ws listening on ws://0.0.0.0:8765/
2026-01-28 12:28:25 | INFO    | ldc | ws client connected
2026-01-28 12:28:25 | INFO    | ldc | ws client disconnected
2026-01-28 12:28:25 | INFO    | ldc | ws client connected
2026-01-28 12:29:13 | INFO    | ldc | ws client disconnected
2026-01-28 12:29:18 | INFO    | ldc | mouse_worker started
2026-01-28 12:29:18 | INFO    | ldc | http listening on http://0.0.0.0:8888/
2026-01-28 12:29:18 | INFO    | ldc | ws listening on ws://0.0.0.0:8765/
2026-01-28 12:29:19 | INFO    | ldc | ws client connected
2026-01-28 12:29:20 | INFO    | ldc | double_click event_type=double_click
2026-01-28 12:29:21 | INFO    | ldc | mouse_worker started
2026-01-28 12:29:21 | INFO    | ldc | http listening on http://0.0.0.0:8888/
2026-01-28 12:29:21 | INFO    | ldc | ws listening on ws://0.0.0.0:8765/
2026-01-28 12:29:21 | INFO    | ldc | mouse_worker started
2026-01-28 12:29:21 | INFO    | ldc | http listening on http://0.0.0.0:8888/
2026-01-28 12:29:21 | INFO    | ldc | ws listening on ws://0.0.0.0:8765/
2026-01-28 12:29:24 | INFO    | ldc | ws client connected
2026-01-28 12:29:25 | INFO    | ldc | double_click event_type=double_click
2026-01-28 12:29:25 | INFO    | ldc | ws client disconnected
2026-01-28 12:29:26 | INFO    | ldc | mouse_worker started
2026-01-28 12:29:26 | INFO    | ldc | http listening on http://0.0.0.0:8888/
2026-01-28 12:29:26 | INFO    | ldc | ws listening on ws://0.0.0.0:8765/
2026-01-28 12:29:29 | INFO    | ldc | ws client connected
2026-01-28 12:29:31 | INFO    | ldc | double_click event_type=double_click
2026-01-28 12:29:33 | INFO    | ldc | double_click event_type=double_click
2026-01-28 12:29:56 | INFO    | ldc | ws client disconnected
2026-01-28 12:29:58 | INFO    | ldc | mouse_worker started
2026-01-28 12:29:58 | INFO    | ldc | http listening on http://0.0.0.0:8888/
2026-01-28 12:29:58 | INFO    | ldc | ws listening on ws://0.0.0.0:8765/
2026-01-28 12:29:59 | INFO    | ldc | ws client connected
2026-01-28 12:30:03 | INFO    | ldc | double_click event_type=double_click
2026-01-28 12:30:05 | INFO    | ldc | double_click event_type=double_click
2026-01-28 12:30:07 | INFO    | ldc | double_click event_type=double_click
2026-01-28 12:30:14 | INFO    | ldc | double_click event_type=double_click
2026-01-28 12:30:20 | INFO    | ldc | double_click event_type=double_click
2026-01-28 12:30:22 | INFO    | ldc | double_click event_type=double_click
2026-01-28 12:30:23 | INFO    | ldc | double_click event_type=double_click
2026-01-28 12:30:24 | INFO    | ldc | double_click event_type=double_click
2026-01-28 12:30:25 | INFO    | ldc | double_click event_type=double_click
2026-01-28 12:30:25 | INFO    | ldc | double_click event_type=double_click
2026-01-28 12:30:55 | INFO    | ldc | ws client disconnected
2026-01-28 12:33:07 | INFO    | ldc | ws client connected
2026-01-28 12:33:35 | INFO    | ldc | ws client disconnected
2026-01-28 12:35:28 | INFO    | ldc | mouse_worker started
2026-01-28 12:35:28 | INFO    | ldc | http listening on http://0.0.0.0:8888/
2026-01-28 12:35:28 | INFO    | ldc | ws listening on ws://0.0.0.0:8765/
2026-01-28 12:35:55 | INFO    | ldc | ws client connected
2026-01-28 12:36:51 | INFO    | ldc | double_click event_type=double_click
2026-01-28 12:37:39 | INFO    | ldc | ws client disconnected
2026-01-28 12:37:40 | INFO    | ldc | mouse_worker started
2026-01-28 12:37:40 | INFO    | ldc | http listening on http://0.0.0.0:8888/
2026-01-28 12:37:40 | INFO    | ldc | ws listening on ws://0.0.0.0:8765/
2026-01-28 12:37:48 | INFO    | ldc | ws client connected
2026-01-28 12:37:55 | INFO    | ldc | trigger action=cmd_hold_on
2026-01-28 12:37:55 | INFO    | ldc | cmd_hold_on
2026-01-28 12:37:57 | INFO    | ldc | trigger action=tab_next
2026-01-28 12:37:59 | INFO    | ldc | trigger action=tab_next
2026-01-28 12:37:59 | INFO    | ldc | trigger action=tab_next
2026-01-28 12:38:00 | INFO    | ldc | trigger action=volume_up
2026-01-28 12:38:02 | INFO    | ldc | trigger action=tab_prev
2026-01-28 12:38:02 | INFO    | ldc | trigger action=tab_prev
2026-01-28 12:38:04 | INFO    | ldc | trigger action=cmd_hold_off
2026-01-28 12:38:04 | INFO    | ldc | cmd_hold_off
2026-01-28 12:38:20 | INFO    | ldc | ws client disconnected
2026-01-28 12:38:21 | INFO    | ldc | ws client connected
2026-01-28 12:39:12 | INFO    | ldc | ws client disconnected
2026-01-28 12:41:18 | INFO    | ldc | trigger action=screen_on
2026-01-28 12:41:21 | INFO    | ldc | ws client connected
2026-01-28 12:42:02 | INFO    | ldc | ws client disconnected
2026-01-28 12:42:24 | INFO    | ldc | mouse_worker started
2026-01-28 12:42:24 | INFO    | ldc | http listening on http://0.0.0.0:8888/
2026-01-28 12:42:24 | INFO    | ldc | ws listening on ws://0.0.0.0:8765/
2026-01-28 12:42:26 | INFO    | ldc | ws client connected
2026-01-28 12:42:28 | INFO    | ldc | ws client disconnected
2026-01-28 12:42:34 | INFO    | ldc | ws client connected
2026-01-28 12:43:24 | INFO    | ldc | ws client disconnected
2026-01-28 12:47:33 | INFO    | ldc | ws client connected
2026-01-28 12:47:36 | INFO    | ldc | trigger action=screen_on
2026-01-28 12:47:50 | INFO    | ldc | trigger action=screen_on
2026-01-28 12:48:06 | INFO    | ldc | ws client disconnected
2026-01-28 12:49:52 | INFO    | ldc | ws client connected
2026-01-28 12:49:54 | INFO    | ldc | trigger action=screen_off
2026-01-28 12:49:54 | INFO    | ldc | trigger action=screen_on
2026-01-28 12:50:00 | INFO    | ldc | trigger action=screen_on
2026-01-28 12:50:08 | INFO    | ldc | trigger action=screen_on
2026-01-28 12:50:14 | INFO    | ldc | trigger action=screen_off
2026-01-28 12:50:18 | INFO    | ldc | trigger action=screen_on
2026-01-28 12:50:21 | INFO    | ldc | trigger action=screen_off
2026-01-28 12:50:22 | INFO    | ldc | trigger action=screen_on
2026-01-28 12:50:23 | INFO    | ldc | trigger action=screen_off
2026-01-28 12:50:24 | INFO    | ldc | trigger action=screen_on
2026-01-28 12:50:28 | INFO    | ldc | trigger action=screen_on
2026-01-28 12:51:02 | INFO    | ldc | ws client disconnected
2026-01-28 12:53:30 | INFO    | ldc | mouse_worker started
2026-01-28 12:53:30 | INFO    | ldc | http listening on http://0.0.0.0:8888/
2026-01-28 12:53:30 | INFO    | ldc | ws listening on ws://0.0.0.0:8765/
2026-01-28 12:53:34 | INFO    | ldc | ws client connected
2026-01-28 12:53:34 | INFO    | ldc | ws client disconnected
2026-01-28 12:53:34 | INFO    | ldc | ws client connected
2026-01-28 12:53:40 | INFO    | ldc | ws client disconnected
2026-01-28 12:53:50 | INFO    | ldc | ws client connected
2026-01-28 12:53:53 | INFO    | ldc | trigger action=brightness_up
2026-01-28 12:53:56 | INFO    | ldc | trigger action=brightness_up
2026-01-28 12:54:36 | INFO    | ldc | ws client disconnected
2026-01-28 13:15:10 | INFO    | ldc | mouse_worker started
2026-01-28 13:15:10 | INFO    | ldc | http listening on http://0.0.0.0:8888/
2026-01-28 13:15:10 | INFO    | ldc | ws listening on ws://0.0.0.0:8765/
2026-01-28 13:22:27 | INFO    | ldc | ws client connected
2026-01-28 13:22:32 | INFO    | ldc | ws client disconnected
2026-01-28 13:22:32 | INFO    | ldc | ws client connected
2026-01-28 13:23:05 | INFO    | ldc | ws client disconnected
2026-01-28 13:49:22 | INFO    | ldc | ws client connected
2026-01-28 13:49:43 | INFO    | ldc | ws client disconnected
2026-01-28 13:51:29 | INFO    | ldc | ws client connected
2026-01-28 13:51:32 | INFO    | ldc | ws client disconnected
2026-01-28 13:58:12 | INFO    | ldc | ws client connected
2026-01-28 13:58:14 | INFO    | ldc | trigger action=screen_on
2026-01-28 13:58:17 | INFO    | ldc | trigger action=brightness_up
2026-01-28 13:58:19 | INFO    | ldc | trigger action=brightness_up
2026-01-28 13:58:20 | INFO    | ldc | trigger action=brightness_up
2026-01-28 13:58:21 | INFO    | ldc | trigger action=brightness_up
2026-01-28 13:58:22 | INFO    | ldc | trigger action=brightness_up
2026-01-28 13:58:23 | INFO    | ldc | trigger action=brightness_up
2026-01-28 13:58:24 | INFO    | ldc | trigger action=volume_down
2026-01-28 13:58:25 | INFO    | ldc | trigger action=volume_down
2026-01-28 13:58:27 | INFO    | ldc | trigger action=screen_on
2026-01-28 13:58:31 | INFO    | ldc | trigger action=volume_down
2026-01-28 13:58:33 | INFO    | ldc | trigger action=volume_down
2026-01-28 13:58:35 | INFO    | ldc | trigger action=volume_down
2026-01-28 13:58:39 | INFO    | ldc | trigger action=brightness_down
2026-01-28 13:58:40 | INFO    | ldc | trigger action=brightness_down
2026-01-28 13:58:42 | INFO    | ldc | trigger action=brightness_down
2026-01-28 13:59:26 | INFO    | ldc | ws client disconnected
2026-01-28 13:59:26 | INFO    | ldc | ws client connected
2026-01-28 13:59:28 | INFO    | ldc | trigger action=volume_up
2026-01-28 13:59:29 | INFO    | ldc | trigger action=volume_up
2026-01-28 13:59:30 | INFO    | ldc | trigger action=volume_up
2026-01-28 13:59:31 | INFO    | ldc | trigger action=volume_up
2026-01-28 13:59:31 | INFO    | ldc | trigger action=volume_up
2026-01-28 13:59:32 | INFO    | ldc | trigger action=toggle_pause
2026-01-28 13:59:36 | INFO    | ldc | trigger action=volume_down
2026-01-28 13:59:37 | INFO    | ldc | trigger action=volume_down
2026-01-28 13:59:37 | INFO    | ldc | trigger action=volume_down
2026-01-28 13:59:38 | INFO    | ldc | trigger action=volume_down
2026-01-28 13:59:38 | INFO    | ldc | trigger action=volume_down
2026-01-28 13:59:39 | INFO    | ldc | trigger action=volume_down
2026-01-28 13:59:39 | INFO    | ldc | trigger action=volume_down
2026-01-28 13:59:40 | INFO    | ldc | trigger action=volume_down
2026-01-28 13:59:41 | INFO    | ldc | trigger action=volume_down
2026-01-28 13:59:41 | INFO    | ldc | trigger action=volume_down
2026-01-28 13:59:41 | INFO    | ldc | trigger action=volume_down
2026-01-28 13:59:44 | INFO    | ldc | trigger action=volume_down
2026-01-28 13:59:44 | INFO    | ldc | trigger action=volume_down
2026-01-28 13:59:45 | INFO    | ldc | trigger action=volume_down
2026-01-28 13:59:45 | INFO    | ldc | trigger action=volume_down
2026-01-28 13:59:49 | INFO    | ldc | trigger action=volume_down
2026-01-28 13:59:49 | INFO    | ldc | trigger action=volume_down
2026-01-28 13:59:50 | INFO    | ldc | trigger action=volume_down
2026-01-28 13:59:51 | INFO    | ldc | trigger action=volume_down
2026-01-28 13:59:53 | INFO    | ldc | trigger action=volume_down
2026-01-28 14:00:10 | INFO    | ldc | ws client disconnected
2026-01-28 14:00:11 | INFO    | ldc | mouse_worker started
2026-01-28 14:00:11 | INFO    | ldc | http listening on http://0.0.0.0:8888/
2026-01-28 14:00:11 | INFO    | ldc | ws listening on ws://0.0.0.0:8765/
2026-01-28 14:00:11 | INFO    | ldc | ws client connected
2026-01-28 14:00:50 | INFO    | ldc | ws client disconnected
2026-01-28 14:01:14 | INFO    | ldc | mouse_worker started
2026-01-28 14:01:14 | INFO    | ldc | http listening on http://0.0.0.0:8888/
2026-01-28 14:01:14 | INFO    | ldc | ws listening on ws://0.0.0.0:8765/
2026-01-28 14:01:17 | INFO    | ldc | ws client connected
2026-01-28 14:01:18 | INFO    | ldc | ws client disconnected
2026-01-28 14:01:23 | INFO    | ldc | ws client connected
2026-01-28 14:02:16 | INFO    | ldc | ws client disconnected
2026-01-28 14:02:43 | INFO    | ldc | ws client connected
2026-01-28 14:04:03 | INFO    | ldc | ws client disconnected
2026-01-28 14:04:07 | INFO    | ldc | mouse_worker started
2026-01-28 14:04:07 | INFO    | ldc | http listening on http://0.0.0.0:8888/
2026-01-28 14:04:07 | INFO    | ldc | ws listening on ws://0.0.0.0:8765/
2026-01-28 14:04:09 | INFO    | ldc | ws client connected
2026-01-28 14:04:10 | INFO    | ldc | ws client disconnected
2026-01-28 14:04:15 | INFO    | ldc | ws client connected
2026-01-28 14:04:26 | INFO    | ldc | trigger action=down
2026-01-28 14:05:05 | INFO    | ldc | ws client disconnected
2026-01-28 14:05:05 | INFO    | ldc | mouse_worker started
2026-01-28 14:05:05 | INFO    | ldc | http listening on http://0.0.0.0:8888/
2026-01-28 14:05:05 | INFO    | ldc | ws listening on ws://0.0.0.0:8765/
2026-01-28 14:05:09 | INFO    | ldc | ws client connected
2026-01-28 14:05:10 | INFO    | ldc | ws client disconnected
2026-01-28 14:05:15 | INFO    | ldc | ws client connected
2026-01-28 14:05:34 | INFO    | ldc | ws client disconnected
2026-01-28 14:05:35 | INFO    | ldc | mouse_worker started
2026-01-28 14:05:35 | INFO    | ldc | http listening on http://0.0.0.0:8888/
2026-01-28 14:05:35 | INFO    | ldc | ws listening on ws://0.0.0.0:8765/
2026-01-28 14:05:35 | INFO    | ldc | ws client connected
2026-01-28 14:05:52 | INFO    | ldc | ws client disconnected
2026-01-28 14:05:52 | INFO    | ldc | mouse_worker started
2026-01-28 14:05:52 | INFO    | ldc | http listening on http://0.0.0.0:8888/
2026-01-28 14:05:52 | INFO    | ldc | ws listening on ws://0.0.0.0:8765/
2026-01-28 14:05:54 | INFO    | ldc | ws client connected
2026-01-28 14:05:54 | INFO    | ldc | ws client disconnected
2026-01-28 14:05:54 | INFO    | ldc | ws client connected
2026-01-28 14:06:01 | INFO    | ldc | trigger action=down
2026-01-28 14:06:08 | INFO    | ldc | double_click event_type=double_click
2026-01-28 14:06:09 | INFO    | ldc | double_click event_type=double_click
2026-01-28 14:06:10 | INFO    | ldc | double_click event_type=double_click
2026-01-28 14:06:34 | INFO    | ldc | trigger action=down
2026-01-28 14:06:37 | INFO    | ldc | trigger action=up
2026-01-28 14:06:40 | INFO    | ldc | trigger action=down
2026-01-28 14:07:25 | INFO    | ldc | ws client disconnected
2026-01-28 14:25:01 | INFO    | ldc | ws client connected
2026-01-28 14:25:34 | INFO    | ldc | ws client disconnected
2026-01-28 14:54:59 | INFO    | ldc | ws client connected
2026-01-28 14:55:02 | INFO    | ldc | ws client disconnected
2026-01-28 15:55:26 | INFO    | ldc | mouse_worker started
2026-01-28 15:55:26 | INFO    | ldc | preview_worker started size=500 fps=5
2026-01-28 15:55:26 | INFO    | ldc | http listening on http://0.0.0.0:8888/
2026-01-28 15:55:26 | INFO    | ldc | ws listening on ws://0.0.0.0:8765/
2026-01-28 15:55:34 | INFO    | ldc | ws client connected
2026-01-28 15:55:39 | INFO    | ldc | double_click event_type=double_click
2026-01-28 15:55:47 | INFO    | ldc | ws client disconnected
2026-01-28 15:58:00 | INFO    | ldc | ws client connected
2026-01-28 15:58:04 | INFO    | ldc | trigger action=cmd_hold_off
2026-01-28 15:58:05 | INFO    | ldc | trigger action=cmd_hold_on
2026-01-28 15:58:05 | INFO    | ldc | cmd_hold_on
2026-01-28 15:58:07 | INFO    | ldc | trigger action=tab_prev
2026-01-28 15:58:09 | INFO    | ldc | trigger action=tab_next
2026-01-28 15:58:10 | INFO    | ldc | trigger action=tab_next
2026-01-28 15:58:10 | INFO    | ldc | trigger action=tab_next
2026-01-28 15:58:12 | INFO    | ldc | double_click event_type=double_click
2026-01-28 15:58:13 | INFO    | ldc | double_click event_type=double_click
2026-01-28 15:58:15 | INFO    | ldc | trigger action=cmd_hold_on
2026-01-28 15:58:17 | INFO    | ldc | trigger action=tab_next
2026-01-28 15:58:18 | INFO    | ldc | trigger action=tab_next
2026-01-28 15:58:20 | INFO    | ldc | trigger action=tab_prev
2026-01-28 15:58:21 | INFO    | ldc | trigger action=cmd_hold_on
2026-01-28 15:58:21 | INFO    | ldc | trigger action=tab_next
2026-01-28 15:58:26 | INFO    | ldc | trigger action=cmd_hold_on
2026-01-28 15:58:27 | INFO    | ldc | trigger action=tab_next
2026-01-28 15:58:30 | INFO    | ldc | trigger action=tab_prev
2026-01-28 15:58:30 | INFO    | ldc | trigger action=tab_prev
2026-01-28 15:58:31 | INFO    | ldc | double_click event_type=double_click
2026-01-28 15:58:32 | INFO    | ldc | double_click event_type=double_click
2026-01-28 15:58:35 | INFO    | ldc | trigger action=cmd_hold_on
2026-01-28 15:58:36 | INFO    | ldc | trigger action=tab_next
2026-01-28 15:58:39 | INFO    | ldc | trigger action=tab_next
2026-01-28 15:58:40 | INFO    | ldc | trigger action=tab_prev
2026-01-28 15:58:41 | INFO    | ldc | trigger action=tab_prev
2026-01-28 15:58:42 | INFO    | ldc | trigger action=cmd_hold_off
2026-01-28 15:58:42 | INFO    | ldc | cmd_hold_off
2026-01-28 15:58:49 | INFO    | ldc | ws client disconnected
2026-01-28 15:58:52 | INFO    | ldc | mouse_worker started
2026-01-28 15:58:52 | INFO    | ldc | preview_worker started size=500 fps=5
2026-01-28 15:58:52 | INFO    | ldc | http listening on http://0.0.0.0:8888/
2026-01-28 15:58:52 | INFO    | ldc | ws listening on ws://0.0.0.0:8765/
2026-01-28 15:58:54 | INFO    | ldc | ws client connected
2026-01-28 15:58:54 | INFO    | ldc | ws client connected
2026-01-28 15:58:54 | INFO    | ldc | ws client disconnected
2026-01-28 16:00:22 | INFO    | ldc | ws client connected
2026-01-28 16:00:22 | INFO    | ldc | ws client disconnected
2026-01-28 16:01:35 | INFO    | ldc | ws client connected
2026-01-28 16:01:35 | INFO    | ldc | ws client disconnected
2026-01-28 16:01:55 | INFO    | ldc | trigger action=cmd_hold_on
2026-01-28 16:01:55 | INFO    | ldc | cmd_hold_on
2026-01-28 16:01:56 | INFO    | ldc | trigger action=tab_next
2026-01-28 16:01:57 | INFO    | ldc | trigger action=tab_next
2026-01-28 16:01:58 | INFO    | ldc | trigger action=tab_prev
2026-01-28 16:01:58 | INFO    | ldc | trigger action=tab_prev
2026-01-28 16:01:58 | INFO    | ldc | trigger action=cmd_hold_off
2026-01-28 16:01:58 | INFO    | ldc | cmd_hold_off
2026-01-28 16:02:56 | INFO    | ldc | ws client disconnected
2026-01-28 16:03:21 | INFO    | ldc | mouse_worker started
2026-01-28 16:03:21 | INFO    | ldc | preview_worker started size=500 fps=24
2026-01-28 16:03:21 | INFO    | ldc | http listening on http://0.0.0.0:8888/
2026-01-28 16:03:21 | INFO    | ldc | ws listening on ws://0.0.0.0:8765/
2026-01-28 16:06:12 | INFO    | ldc | mouse_worker started
2026-01-28 16:06:12 | INFO    | ldc | preview_worker started size=500 fps=24
2026-01-28 16:06:12 | INFO    | ldc | http listening on http://0.0.0.0:8888/
2026-01-28 16:06:12 | INFO    | ldc | ws listening on ws://0.0.0.0:8765/
2026-01-28 16:06:17 | INFO    | ldc | ws client connected
2026-01-28 16:06:17 | INFO    | ldc | ws client connected
2026-01-28 16:06:17 | INFO    | ldc | ws client disconnected
2026-01-28 16:06:38 | INFO    | ldc | mouse_worker started
2026-01-28 16:06:38 | INFO    | ldc | preview_worker started size=500 fps=24
2026-01-28 16:06:38 | INFO    | ldc | http listening on http://0.0.0.0:8888/
2026-01-28 16:06:38 | INFO    | ldc | ws listening on ws://0.0.0.0:8765/
2026-01-28 16:06:47 | INFO    | ldc | ws client connected
2026-01-28 16:06:48 | INFO    | ldc | ws client disconnected
2026-01-28 16:06:48 | INFO    | ldc | ws client connected
2026-01-28 16:07:37 | INFO    | ldc | ws client disconnected
2026-01-28 16:08:26 | INFO    | ldc | preview_size: 500
2026-01-28 16:08:26 | INFO    | ldc | preview_fps: 24
2026-01-28 16:08:26 | INFO    | ldc | mouse_worker started
2026-01-28 16:08:26 | INFO    | ldc | preview_worker started size=500 fps=24
2026-01-28 16:08:26 | INFO    | ldc | http listening on http://0.0.0.0:8888/
2026-01-28 16:08:26 | INFO    | ldc | ws listening on ws://0.0.0.0:8765/
2026-01-28 16:08:29 | INFO    | ldc | ws client connected
2026-01-28 16:08:31 | INFO    | ldc | ws client disconnected
2026-01-28 16:08:33 | INFO    | ldc | ws client connected
2026-01-28 16:08:33 | INFO    | ldc | ws client connected
2026-01-28 16:08:33 | INFO    | ldc | ws client disconnected
2026-01-28 16:09:08 | INFO    | ldc | ws client disconnected
2026-01-28 16:14:29 | INFO    | ldc | preview_size: 500
2026-01-28 16:14:29 | INFO    | ldc | preview_fps: 24
2026-01-28 16:14:29 | INFO    | ldc | mouse_worker started
2026-01-28 16:14:29 | INFO    | ldc | preview_worker started size=500 fps=24
2026-01-28 16:14:29 | INFO    | ldc | http listening on http://0.0.0.0:8888/
2026-01-28 16:14:29 | INFO    | ldc | ws listening on ws://0.0.0.0:8765/
2026-01-28 16:14:36 | INFO    | ldc | ws client connected
2026-01-28 16:14:36 | INFO    | ldc | ws client connected
2026-01-28 16:14:36 | INFO    | ldc | ws client disconnected
2026-01-28 16:14:54 | INFO    | ldc | ws client disconnected
2026-01-28 16:14:54 | INFO    | ldc | ws client connected
2026-01-28 16:15:32 | INFO    | ldc | ws client connected
2026-01-28 16:15:32 | INFO    | ldc | ws client disconnected
2026-01-28 16:16:04 | INFO    | ldc | ws client disconnected
2026-01-28 16:18:08 | INFO    | ldc | ws client connected
2026-01-28 16:18:09 | INFO    | ldc | trigger action=screen_on
2026-01-28 16:18:49 | INFO    | ldc | ws client disconnected
2026-01-28 16:19:49 | INFO    | ldc | preview_size: 500
2026-01-28 16:19:49 | INFO    | ldc | preview_fps: 24
2026-01-28 16:19:49 | INFO    | ldc | mouse_worker started
2026-01-28 16:19:49 | INFO    | ldc | preview_worker started size=500 fps=24
2026-01-28 16:19:49 | INFO    | ldc | http listening on http://0.0.0.0:8888/
2026-01-28 16:19:49 | INFO    | ldc | ws listening on ws://0.0.0.0:8765/
2026-01-28 16:19:51 | INFO    | ldc | ws client connected
2026-01-28 16:19:52 | INFO    | ldc | ws client disconnected
2026-01-28 16:19:53 | INFO    | ldc | ws client connected
2026-01-28 16:19:54 | INFO    | ldc | ws client connected
2026-01-28 16:19:54 | INFO    | ldc | ws client disconnected
2026-01-28 16:20:49 | INFO    | ldc | ws client disconnected
